Day of Week,Date,Hour ending,Hourly volume Southbound,HCV % Southbound,Hourly volume Northbound,HCV % Northbound,Total volume,Total % HCV
Sun, Jan 1 2012,0100,331,0.6,457,0.2,788,0.4
Sun, Jan 1 2012,0200,554,0.5,598,0.7,1152,0.6
Sun, Jan 1 2012,0300,413,0.7,452,0.2,865,0.5
Sun, Jan 1 2012,0400,283,2.8,300,1,583,1.9
Sun, Jan 1 2012,0500,188,2.1,264,2.7,452,2.4
Sun, Jan 1 2012,0600,172,1.7,202,2.5,374,2.1
Sun, Jan 1 2012,0700,185,3.8,227,1.8,412,2.7
Sun, Jan 1 2012,0800,261,1.5,310,0.6,571,1.1
Sun, Jan 1 2012,0900,273,1.1,393,2,666,1.7
Sun, Jan 1 2012,1000,409,1,473,0.8,882,0.9
Sun, Jan 1 2012,1100,737,0.8,779,0.5,1516,0.7
Sun, Jan 1 2012,1200,1243,0.4,1240,0.5,2483,0.4
Sun, Jan 1 2012,1300,1869,0.6,1915,0.3,3784,0.4
Sun, Jan 1 2012,1400,2740,1.2,2504,0.1,5244,0.7
Sun, Jan 1 2012,1500,3035,0.9,2744,0,5779,0.5
Sun, Jan 1 2012,1600,2949,0.9,2574,0.3,5523,0.6
Sun, Jan 1 2012,1700,2813,1,2519,0.3,5332,0.7
Sun, Jan 1 2012,1800,2526,1,2248,0.3,4774,0.7
Sun, Jan 1 2012,1900,2289,1,1931,0.3,4220,0.7
Sun, Jan 1 2012,2000,1974,0.7,1551,0.3,3525,0.5
Sun, Jan 1 2012,2100,1445,1,1306,0.7,2751,0.8
Sun, Jan 1 2012,2200,1170,1.8,1013,0.5,2183,1.2
Sun, Jan 1 2012,2300,797,0.6,635,0.6,1432,0.6
Sun, Jan 1 2012,2400,570,0.9,458,1.1,1028,1
Mon, Jan 2 2012,0100,323,1.2,342,2.3,665,1.8
Mon, Jan 2 2012,0200,193,1.6,198,2,391,1.8
Mon, Jan 2 2012,0300,87,5.7,119,4.2,206,4.9
Mon, Jan 2 2012,0400,88,9.1,117,5.1,205,6.8
Mon, Jan 2 2012,0500,99,16.2,179,2.8,278,7.6
Mon, Jan 2 2012,0600,179,8.4,220,4.1,399,6
Mon, Jan 2 2012,0700,318,9.4,379,4.5,697,6.7
Mon, Jan 2 2012,0800,522,5.4,452,2.9,974,4.2
Mon, Jan 2 2012,0900,589,3.1,769,3.9,1358,3.5
Mon, Jan 2 2012,1000,877,2.7,928,3.6,1805,3.2
Mon, Jan 2 2012,1100,1225,2.8,1470,2,2695,2.4
Mon, Jan 2 2012,1200,1858,1.9,1919,1.1,3777,1.5
Mon, Jan 2 2012,1300,2574,1.3,2485,1.2,5059,1.3
Mon, Jan 2 2012,1400,3204,1.5,2803,0.7,6007,1.1
Mon, Jan 2 2012,1500,3468,1.4,3104,0.8,6572,1.2
Mon, Jan 2 2012,1600,3606,1.4,2773,0.9,6379,1.2
Mon, Jan 2 2012,1700,3627,1.9,2831,0.7,6458,1.4
Mon, Jan 2 2012,1800,3544,1.6,2577,0.8,6121,1.3
Mon, Jan 2 2012,1900,2974,1.8,2107,0.6,5081,1.3
Mon, Jan 2 2012,2000,2419,1.5,1694,1,4113,1.3
Mon, Jan 2 2012,2100,1734,1.5,1262,1.4,2996,1.5
Mon, Jan 2 2012,2200,1259,1,952,1.3,2211,1.1
Mon, Jan 2 2012,2300,893,1.5,630,1.6,1523,1.5
Mon, Jan 2 2012,2400,639,2,437,3,1076,2.4
Tue, Jan 3 2012,0100,325,2.2,266,4.9,591,3.4
Tue, Jan 3 2012,0200,152,4.6,156,4.5,308,4.5
Tue, Jan 3 2012,0300,74,9.5,91,9.9,165,9.7
Tue, Jan 3 2012,0400,80,15,81,11.1,161,13
Tue, Jan 3 2012,0500,93,21.5,214,4.2,307,9.4
Tue, Jan 3 2012,0600,328,14.9,431,3.7,759,8.6
Tue, Jan 3 2012,0700,969,8.3,1043,4.2,2012,6.2
Tue, Jan 3 2012,0800,3420,3.9,3098,2,6518,3
Tue, Jan 3 2012,0900,4154,4,5056,1.6,9210,2.6
Tue, Jan 3 2012,1000,2686,4.7,2790,3.3,5476,4
Tue, Jan 3 2012,1100,2250,5,2271,5.4,4521,5.2
Tue, Jan 3 2012,1200,2431,5.8,2555,5.7,4986,5.8
Tue, Jan 3 2012,1300,2683,5.4,2704,5,5387,5.2
Tue, Jan 3 2012,1400,2958,4.7,2855,4.3,5813,4.5
Tue, Jan 3 2012,1500,2921,5,2992,4.2,5913,4.6
Tue, Jan 3 2012,1600,3255,3.1,3071,4.2,6326,3.7
Tue, Jan 3 2012,1700,4145,2.8,3798,2.5,7943,2.7
Tue, Jan 3 2012,1800,5694,2.6,4345,1.6,10039,2.1
Tue, Jan 3 2012,1900,4214,1.9,3279,1.5,7493,1.7
Tue, Jan 3 2012,2000,2239,1.8,1898,1.5,4137,1.7
Tue, Jan 3 2012,2100,1466,2,1289,2.2,2755,2.1
Tue, Jan 3 2012,2200,971,1.6,1011,2.2,1982,1.9
Tue, Jan 3 2012,2300,717,2.2,768,2.5,1485,2.4
Tue, Jan 3 2012,2400,516,1.9,426,4.5,942,3.1
Wed, Jan 4 2012,0100,342,5.3,251,2.4,593,4
Wed, Jan 4 2012,0200,148,5.4,144,6.2,292,5.8
Wed, Jan 4 2012,0300,89,14.6,90,8.9,179,11.7
Wed, Jan 4 2012,0400,74,20.3,113,10.6,187,14.4
Wed, Jan 4 2012,0500,107,17.8,190,9.5,297,12.5
Wed, Jan 4 2012,0600,356,15.2,426,5.9,782,10.1
Wed, Jan 4 2012,0700,994,11.3,1075,5.5,2069,8.3
Wed, Jan 4 2012,0800,3631,4.8,3239,1.9,6870,3.5
Wed, Jan 4 2012,0900,4521,4.2,5358,1.8,9879,2.9
Wed, Jan 4 2012,1000,3080,5.6,3205,3.6,6285,4.6
Wed, Jan 4 2012,1100,2599,6.3,2626,5.6,5225,6
Wed, Jan 4 2012,1200,2674,6.3,2906,4.9,5580,5.6
Wed, Jan 4 2012,1300,2951,4.7,2837,4.9,5788,4.8
Wed, Jan 4 2012,1400,3180,4.2,3075,4.4,6255,4.3
Wed, Jan 4 2012,1500,3155,4.6,3098,5.2,6253,4.9
Wed, Jan 4 2012,1600,3404,4.1,3315,4.3,6719,4.2
Wed, Jan 4 2012,1700,4314,2.8,4252,3,8566,2.9
Wed, Jan 4 2012,1800,5745,2.8,4397,1.4,10142,2.2
Wed, Jan 4 2012,1900,4587,2.3,3616,1.2,8203,1.8
Wed, Jan 4 2012,2000,2469,1.7,2108,1.5,4577,1.6
Wed, Jan 4 2012,2100,1560,1.7,1412,1.3,2972,1.5
Wed, Jan 4 2012,2200,1076,2.3,1156,2.3,2232,2.3
Wed, Jan 4 2012,2300,797,2,872,2.9,1669,2.5
Wed, Jan 4 2012,2400,538,2.8,507,3.4,1045,3.1
Thu, Jan 5 2012,0100,346,5.2,254,5.1,600,5.2
Thu, Jan 5 2012,0200,159,8.8,156,7.1,315,7.9
Thu, Jan 5 2012,0300,93,18.3,96,9.4,189,13.8
Thu, Jan 5 2012,0400,87,19.5,128,9.4,215,13.5
Thu, Jan 5 2012,0500,112,20.5,213,5.2,325,10.5
Thu, Jan 5 2012,0600,320,14.7,417,2.9,737,8
Thu, Jan 5 2012,0700,965,8.6,1066,5.6,2031,7
Thu, Jan 5 2012,0800,3719,4.4,3208,2.5,6927,3.5
Thu, Jan 5 2012,0900,4626,4.7,5418,1.5,10044,3
Thu, Jan 5 2012,1000,3345,4.9,3506,3.5,6851,4.1
Thu, Jan 5 2012,1100,2655,6.3,2759,5.3,5414,5.8
Thu, Jan 5 2012,1200,2751,5.6,2855,5.3,5606,5.5
Thu, Jan 5 2012,1300,2945,5.7,2951,5.9,5896,5.8
Thu, Jan 5 2012,1400,3281,5,3180,4.4,6461,4.7
Thu, Jan 5 2012,1500,3201,4.3,3209,4.9,6410,4.6
Thu, Jan 5 2012,1600,3569,4.2,3402,4.6,6971,4.4
Thu, Jan 5 2012,1700,4519,2.9,4288,2.8,8807,2.9
Thu, Jan 5 2012,1800,6084,2.9,4729,1.5,10813,2.3
Thu, Jan 5 2012,1900,4720,2.3,3969,1.1,8689,1.7
Thu, Jan 5 2012,2000,2832,1.4,2524,1.1,5356,1.3
Thu, Jan 5 2012,2100,1862,1.8,1758,1.3,3620,1.5
Thu, Jan 5 2012,2200,1267,2,1465,2,2732,2
Thu, Jan 5 2012,2300,958,2.1,971,1.6,1929,1.9
Thu, Jan 5 2012,2400,607,1.5,620,2.9,1227,2.2
Fri, Jan 6 2012,0100,379,2.6,336,3.6,715,3.1
Fri, Jan 6 2012,0200,157,14,168,6,325,9.8
Fri, Jan 6 2012,0300,83,16.9,122,10.7,205,13.2
Fri, Jan 6 2012,0400,110,17.3,131,11.5,241,14.1
Fri, Jan 6 2012,0500,112,27.7,189,9.5,301,16.3
Fri, Jan 6 2012,0600,310,17.4,376,7.2,686,11.8
Fri, Jan 6 2012,0700,949,11.3,1051,5.4,2000,8.2
Fri, Jan 6 2012,0800,3555,5.1,3244,2.5,6799,3.9
Fri, Jan 6 2012,0900,4641,4.7,5406,2.2,10047,3.3
Fri, Jan 6 2012,1000,3407,5.8,3458,3.4,6865,4.6
Fri, Jan 6 2012,1100,2739,6,2782,5.6,5521,5.8
Fri, Jan 6 2012,1200,2869,6.1,2917,5,5786,5.5
Fri, Jan 6 2012,1300,3255,5.2,3285,4.6,6540,4.9
Fri, Jan 6 2012,1400,3458,4.8,3470,5.6,6928,5.2
Fri, Jan 6 2012,1500,3528,4.5,3709,4.5,7237,4.5
Fri, Jan 6 2012,1600,4101,4.2,3926,3.5,8027,3.9
Fri, Jan 6 2012,1700,4864,3.3,4507,2.5,9371,2.9
Fri, Jan 6 2012,1800,5641,2.8,4786,1.4,10427,2.2
Fri, Jan 6 2012,1900,4105,2.3,3861,1.3,7966,1.8
Fri, Jan 6 2012,2000,2802,1.7,2645,0.9,5447,1.3
Fri, Jan 6 2012,2100,1884,1.5,1832,1.5,3716,1.5
Fri, Jan 6 2012,2200,1263,2,1335,1.8,2598,1.9
Fri, Jan 6 2012,2300,882,1.8,871,2.2,1753,2
Fri, Jan 6 2012,2400,711,2,613,3.1,1324,2.5
Sat, Jan 7 2012,0100,545,3.7,510,2.4,1055,3
Sat, Jan 7 2012,0200,265,4.9,278,3.6,543,4.2
Sat, Jan 7 2012,0300,178,5.6,217,6,395,5.8
Sat, Jan 7 2012,0400,114,10.5,180,7.2,294,8.5
Sat, Jan 7 2012,0500,129,14.7,229,4.8,358,8.4
Sat, Jan 7 2012,0600,209,15.3,264,4.9,473,9.5
Sat, Jan 7 2012,0700,361,11.6,435,5.1,796,8
Sat, Jan 7 2012,0800,794,4.9,734,4.4,1528,4.6
Sat, Jan 7 2012,0900,1398,3.6,1389,4.2,2787,3.9
Sat, Jan 7 2012,1000,1966,3,1954,2.5,3920,2.7
Sat, Jan 7 2012,1100,2189,3,2471,2,4660,2.5
Sat, Jan 7 2012,1200,2656,2.2,2846,1.8,5502,2
Sat, Jan 7 2012,1300,3010,2.2,3187,1.4,6197,1.8
Sat, Jan 7 2012,1400,3560,2,3380,1.1,6940,1.6
Sat, Jan 7 2012,1500,3400,2.3,3337,0.6,6737,1.5
Sat, Jan 7 2012,1600,3301,1.6,3201,1.3,6502,1.5
Sat, Jan 7 2012,1700,3247,1.6,3258,0.9,6505,1.3
Sat, Jan 7 2012,1800,3179,1.6,2924,0.5,6103,1.1
Sat, Jan 7 2012,1900,2457,1.1,2573,0.8,5030,1
Sat, Jan 7 2012,2000,2067,1.4,1931,0.4,3998,0.9
Sat, Jan 7 2012,2100,1489,1.5,1426,1,2915,1.2
Sat, Jan 7 2012,2200,939,0.9,948,1.2,1887,1
Sat, Jan 7 2012,2300,681,0.7,748,0.9,1429,0.8
Sat, Jan 7 2012,2400,714,1.1,630,1.4,1344,1.3
Sun, Jan 8 2012,0100,626,1.6,462,1.5,1088,1.6
Sun, Jan 8 2012,0200,355,1.1,378,1.3,733,1.2
Sun, Jan 8 2012,0300,213,2.8,247,3.6,460,3.3
Sun, Jan 8 2012,0400,148,3.4,183,3.3,331,3.3
Sun, Jan 8 2012,0500,110,5.5,215,2.3,325,3.4
Sun, Jan 8 2012,0600,146,2.1,229,2.6,375,2.4
Sun, Jan 8 2012,0700,253,4.7,302,3,555,3.8
Sun, Jan 8 2012,0800,435,2.1,381,2.1,816,2.1
Sun, Jan 8 2012,0900,598,2.3,698,1.4,1296,1.9
Sun, Jan 8 2012,1000,1059,1.3,985,1.2,2044,1.3
Sun, Jan 8 2012,1100,1504,1.1,1393,0.8,2897,1
Sun, Jan 8 2012,1200,1772,1,2003,0.6,3775,0.8
Sun, Jan 8 2012,1300,2597,1,2600,0.7,5197,0.8
Sun, Jan 8 2012,1400,3076,1.6,3074,0.2,6150,0.9
Sun, Jan 8 2012,1500,3102,1.6,2906,0.4,6008,1
Sun, Jan 8 2012,1600,3075,1.5,3093,0.6,6168,1.1
Sun, Jan 8 2012,1700,3325,1.1,2958,0.4,6283,0.7
Sun, Jan 8 2012,1800,3164,1.5,2819,0.6,5983,1.1
Sun, Jan 8 2012,1900,2820,1.6,2559,0.4,5379,1
Sun, Jan 8 2012,2000,2341,1.5,1934,0.4,4275,1
Sun, Jan 8 2012,2100,1952,1.6,1614,1.2,3566,1.4
Sun, Jan 8 2012,2200,1384,1.3,1084,1.5,2468,1.4
Sun, Jan 8 2012,2300,896,1,720,1.8,1616,1.4
Sun, Jan 8 2012,2400,687,1.5,441,1.8,1128,1.6
Mon, Jan 9 2012,0100,374,2.9,262,5,636,3.8
Mon, Jan 9 2012,0200,143,9.1,132,2.3,275,5.8
Mon, Jan 9 2012,0300,68,13.2,88,13.6,156,13.5
Mon, Jan 9 2012,0400,66,24.2,96,10.4,162,16
Mon, Jan 9 2012,0500,90,22.2,204,5.4,294,10.5
Mon, Jan 9 2012,0600,330,13.6,496,5.2,826,8.6
Mon, Jan 9 2012,0700,1156,8.1,1256,4.5,2412,6.2
Mon, Jan 9 2012,0800,4509,4.5,4051,2.2,8560,3.4
Mon, Jan 9 2012,0900,4961,4.5,6061,1.5,11022,2.8
Mon, Jan 9 2012,1000,4014,5.8,3890,3.8,7904,4.8
Mon, Jan 9 2012,1100,2645,7.4,2602,6.5,5247,6.9
Mon, Jan 9 2012,1200,2506,7.8,2592,6.5,5098,7.1
Mon, Jan 9 2012,1300,2667,6.3,2499,7.1,5166,6.7
Mon, Jan 9 2012,1400,2985,6,2774,6.2,5759,6.1
Mon, Jan 9 2012,1500,2939,5.5,2825,6.2,5764,5.9
Mon, Jan 9 2012,1600,3290,4.5,3247,5.9,6537,5.2
Mon, Jan 9 2012,1700,4320,3.2,4349,3.3,8669,3.3
Mon, Jan 9 2012,1800,5996,3.1,4690,1.8,10686,2.5
Mon, Jan 9 2012,1900,4341,2.1,3679,1.3,8020,1.8
Mon, Jan 9 2012,2000,2514,2.1,2134,1.7,4648,1.9
Mon, Jan 9 2012,2100,1571,2,1400,1.6,2971,1.8
Mon, Jan 9 2012,2200,1036,1.6,1165,1.5,2201,1.6
Mon, Jan 9 2012,2300,818,1.6,904,1.8,1722,1.7
Mon, Jan 9 2012,2400,520,2.7,390,3.3,910,3
Tue, Jan 10 2012,0100,260,6.5,248,6,508,6.3
Tue, Jan 10 2012,0200,114,9.6,120,8.3,234,9
Tue, Jan 10 2012,0300,68,19.1,92,9.8,160,13.8
Tue, Jan 10 2012,0400,65,24.6,85,14.1,150,18.7
Tue, Jan 10 2012,0500,85,24.7,205,7.8,290,12.8
Tue, Jan 10 2012,0600,330,19.4,492,5.7,822,11.2
Tue, Jan 10 2012,0700,1061,10.7,1138,5,2199,7.8
Tue, Jan 10 2012,0800,4548,4.4,3951,2.3,8499,3.4
Tue, Jan 10 2012,0900,5246,5.3,6128,1.7,11374,3.4
Tue, Jan 10 2012,1000,3809,5.1,4341,3.7,8150,4.3
Tue, Jan 10 2012,1100,2814,6.5,2729,6.6,5543,6.6
Tue, Jan 10 2012,1200,2492,7.1,2640,6.1,5132,6.6
Tue, Jan 10 2012,1300,2846,6.7,2622,6.3,5468,6.5
Tue, Jan 10 2012,1400,3065,5.4,2792,5.9,5857,5.7
Tue, Jan 10 2012,1500,2928,4.9,3040,6.8,5968,5.9
Tue, Jan 10 2012,1600,3380,4.9,3307,5.4,6687,5.2
Tue, Jan 10 2012,1700,4403,3.4,4489,3.7,8892,3.6
Tue, Jan 10 2012,1800,6106,2.7,4790,1.8,10896,2.3
Tue, Jan 10 2012,1900,4674,2.2,3816,1.4,8490,1.9
Tue, Jan 10 2012,2000,2692,1.9,2236,1.7,4928,1.8
Tue, Jan 10 2012,2100,1714,1.9,1606,1.8,3320,1.9
Tue, Jan 10 2012,2200,1232,1.4,1255,2.2,2487,1.8
Tue, Jan 10 2012,2300,981,2.7,884,2.8,1865,2.7
Tue, Jan 10 2012,2400,594,2.9,506,3.6,1100,3.2
Wed, Jan 11 2012,0100,286,4.9,264,5.7,550,5.3
Wed, Jan 11 2012,0200,120,15.8,137,5.8,257,10.5
Wed, Jan 11 2012,0300,79,12.7,92,12,171,12.3
Wed, Jan 11 2012,0400,76,21.1,99,13.1,175,16.6
Wed, Jan 11 2012,0500,98,24.5,193,10.4,291,15.1
Wed, Jan 11 2012,0600,317,18.6,431,5.6,748,11.1
Wed, Jan 11 2012,0700,1088,11,1143,4.5,2231,7.7
Wed, Jan 11 2012,0800,4349,5.1,3888,2.2,8237,3.7
Wed, Jan 11 2012,0900,5277,4.8,6045,1.7,11322,3.2
Wed, Jan 11 2012,1000,3976,5.8,4531,3.9,8507,4.8
Wed, Jan 11 2012,1100,2806,7.6,2844,5.4,5650,6.5
Wed, Jan 11 2012,1200,2697,6.3,2728,6.6,5425,6.4
Wed, Jan 11 2012,1300,2888,6.2,2800,6.8,5688,6.5
Wed, Jan 11 2012,1400,3098,4.6,3023,5.9,6121,5.2
Wed, Jan 11 2012,1500,3146,5.9,3082,5.6,6228,5.8
Wed, Jan 11 2012,1600,3569,5.1,3393,5.1,6962,5.1
Wed, Jan 11 2012,1700,4526,3.3,4585,3.2,9111,3.3
Wed, Jan 11 2012,1800,6074,2.5,4839,2.3,10913,2.4
Wed, Jan 11 2012,1900,4874,1.9,3933,1.4,8807,1.7
Wed, Jan 11 2012,2000,2886,1.9,2591,1.7,5477,1.8
Wed, Jan 11 2012,2100,1804,2.1,1772,1.9,3576,2
Wed, Jan 11 2012,2200,1373,1.3,1401,2,2774,1.7
Wed, Jan 11 2012,2300,1064,2.4,989,2.3,2053,2.4
Wed, Jan 11 2012,2400,576,3,534,2.4,1110,2.7
Thu, Jan 12 2012,0100,295,6.1,265,4.2,560,5.2
Thu, Jan 12 2012,0200,144,11.1,135,8.9,279,10
Thu, Jan 12 2012,0300,84,16.7,93,11.8,177,14.1
Thu, Jan 12 2012,0400,69,20.3,93,15.1,162,17.3
Thu, Jan 12 2012,0500,94,23.4,193,10.4,287,14.6
Thu, Jan 12 2012,0600,304,17.4,440,4.3,744,9.7
Thu, Jan 12 2012,0700,1036,9.6,1175,4.8,2211,7
Thu, Jan 12 2012,0800,4226,4.6,3919,2,8145,3.4
Thu, Jan 12 2012,0900,5242,5.4,6333,1.5,11575,3.3
Thu, Jan 12 2012,1000,4140,5.3,4294,3.6,8434,4.4
Thu, Jan 12 2012,1100,2880,6.9,3037,4.9,5917,5.9
Thu, Jan 12 2012,1200,2787,6.3,2692,6.3,5479,6.3
Thu, Jan 12 2012,1300,2969,7.6,2745,6.2,5714,6.9
Thu, Jan 12 2012,1400,3075,5.1,2976,5.8,6051,5.5
Thu, Jan 12 2012,1500,3118,5.5,3143,6,6261,5.8
Thu, Jan 12 2012,1600,3554,4.2,3477,5.7,7031,4.9
Thu, Jan 12 2012,1700,4686,3.3,4623,3.9,9309,3.6
Thu, Jan 12 2012,1800,6324,3.2,5004,1.7,11328,2.5
Thu, Jan 12 2012,1900,4822,2.1,4005,1.9,8827,2
Thu, Jan 12 2012,2000,2998,1.9,2545,1.3,5543,1.6
Thu, Jan 12 2012,2100,1973,2.9,1878,1.4,3851,2.2
Thu, Jan 12 2012,2200,1426,2.6,1536,1.9,2962,2.2
Thu, Jan 12 2012,2300,1130,1.9,1025,2.4,2155,2.2
Thu, Jan 12 2012,2400,679,2.5,551,3.8,1230,3.1
Fri, Jan 13 2012,0100,325,4.6,335,3.6,660,4.1
Fri, Jan 13 2012,0200,154,7.1,163,6.1,317,6.6
Fri, Jan 13 2012,0300,105,15.2,132,9.1,237,11.8
Fri, Jan 13 2012,0400,83,24.1,119,14.3,202,18.3
Fri, Jan 13 2012,0500,106,23.6,220,10.5,326,14.7
Fri, Jan 13 2012,0600,315,17.1,376,5.1,691,10.6
Fri, Jan 13 2012,0700,1045,12.2,1085,5.7,2130,8.9
Fri, Jan 13 2012,0800,4242,4.7,3771,2.4,8013,3.6
Fri, Jan 13 2012,0900,5367,5.6,5958,2.2,11325,3.8
Fri, Jan 13 2012,1000,3873,6,4107,3.2,7980,4.6
Fri, Jan 13 2012,1100,2893,7.4,2961,6.1,5854,6.7
Fri, Jan 13 2012,1200,2819,5.9,2966,6.6,5785,6.2
Fri, Jan 13 2012,1300,3027,5.8,3107,5.5,6134,5.7
Fri, Jan 13 2012,1400,3494,5.6,3386,5,6880,5.3
Fri, Jan 13 2012,1500,3597,5.9,3581,5.4,7178,5.7
Fri, Jan 13 2012,1600,4218,4.5,4293,5,8511,4.7
Fri, Jan 13 2012,1700,5068,3.4,4969,3.3,10037,3.4
Fri, Jan 13 2012,1800,5783,2.7,4853,2,10636,2.4
Fri, Jan 13 2012,1900,4294,1.9,4061,1.2,8355,1.6
Fri, Jan 13 2012,2000,2780,1.4,2820,1.3,5600,1.4
Fri, Jan 13 2012,2100,1932,2,1931,1.7,3863,1.9
Fri, Jan 13 2012,2200,1283,1.6,1483,2.2,2766,1.9
Fri, Jan 13 2012,2300,974,2.2,917,2.7,1891,2.4
Fri, Jan 13 2012,2400,709,2.8,607,2.8,1316,2.8
Sat, Jan 14 2012,0100,410,3.4,415,3.9,825,3.6
Sat, Jan 14 2012,0200,256,4.7,286,3.1,542,3.9
Sat, Jan 14 2012,0300,170,8.2,210,3.8,380,5.8
Sat, Jan 14 2012,0400,138,13.8,162,6.8,300,10
Sat, Jan 14 2012,0500,127,17.3,223,4,350,8.9
Sat, Jan 14 2012,0600,223,16.6,256,6.6,479,11.3
Sat, Jan 14 2012,0700,383,8.1,429,6.1,812,7
Sat, Jan 14 2012,0800,848,5.4,753,2.9,1601,4.2
Sat, Jan 14 2012,0900,1530,3,1482,3,3012,3
Sat, Jan 14 2012,1000,2170,2.6,2348,2.3,4518,2.4
Sat, Jan 14 2012,1100,2474,2.5,2832,1.8,5306,2.1
Sat, Jan 14 2012,1200,2830,2.7,3355,1.2,6185,1.9
Sat, Jan 14 2012,1300,3344,2.2,3558,1.5,6902,1.8
Sat, Jan 14 2012,1400,3584,2,3571,1.2,7155,1.6
Sat, Jan 14 2012,1500,3548,2.1,3585,1,7133,1.6
Sat, Jan 14 2012,1600,3343,1.8,3345,1.3,6688,1.5
Sat, Jan 14 2012,1700,3298,1.8,3403,0.9,6701,1.3
Sat, Jan 14 2012,1800,3220,1.3,3153,0.7,6373,1
Sat, Jan 14 2012,1900,2625,1.6,2679,1.1,5304,1.4
Sat, Jan 14 2012,2000,2024,1.4,2032,0.6,4056,1
Sat, Jan 14 2012,2100,1627,1,1454,1.2,3081,1.1
Sat, Jan 14 2012,2200,1060,1.4,910,1.5,1970,1.5
Sat, Jan 14 2012,2300,722,1.1,702,1,1424,1.1
Sat, Jan 14 2012,2400,700,1,657,1.1,1357,1
Sun, Jan 15 2012,0100,531,2.3,529,2.5,1060,2.4
Sun, Jan 15 2012,0200,353,2.3,419,1.7,772,1.9
Sun, Jan 15 2012,0300,224,1.3,256,2.7,480,2.1
Sun, Jan 15 2012,0400,185,4.9,192,3.1,377,4
Sun, Jan 15 2012,0500,141,8.5,190,3.2,331,5.4
Sun, Jan 15 2012,0600,154,5.2,205,2,359,3.3
Sun, Jan 15 2012,0700,217,6.5,259,3.5,476,4.8
Sun, Jan 15 2012,0800,424,2.1,436,1.8,860,2
Sun, Jan 15 2012,0900,633,1.9,791,1.6,1424,1.8
Sun, Jan 15 2012,1000,1121,1.1,1232,1.5,2353,1.3
Sun, Jan 15 2012,1100,1740,1.6,1683,0.5,3423,1.1
Sun, Jan 15 2012,1200,2060,1,2243,0.9,4303,0.9
Sun, Jan 15 2012,1300,2774,1.3,2784,0.8,5558,1
Sun, Jan 15 2012,1400,3506,1.3,3223,0.3,6729,0.8
Sun, Jan 15 2012,1500,3376,1.3,3310,0.4,6686,0.9
Sun, Jan 15 2012,1600,3375,1.4,3198,0.5,6573,1
Sun, Jan 15 2012,1700,3423,1.3,3231,0.5,6654,0.9
Sun, Jan 15 2012,1800,3463,1.3,3007,0.3,6470,0.8
Sun, Jan 15 2012,1900,3175,1.3,2655,0.4,5830,0.9
Sun, Jan 15 2012,2000,2672,1,2065,0.4,4737,0.7
Sun, Jan 15 2012,2100,2162,1,1712,1.1,3874,1
Sun, Jan 15 2012,2200,1698,0.9,1241,1.6,2939,1.2
Sun, Jan 15 2012,2300,1048,1.2,767,1.3,1815,1.3
Sun, Jan 15 2012,2400,658,1.7,443,2.5,1101,2
Mon, Jan 16 2012,0100,336,3.9,279,3.9,615,3.9
Mon, Jan 16 2012,0200,138,8.7,126,2.4,264,5.7
Mon, Jan 16 2012,0300,74,14.9,89,12.4,163,13.5
Mon, Jan 16 2012,0400,59,16.9,88,12.5,147,14.3
Mon, Jan 16 2012,0500,101,20.8,198,8.1,299,12.4
Mon, Jan 16 2012,0600,319,14.4,489,4.7,808,8.5
Mon, Jan 16 2012,0700,1169,9.3,1331,4.3,2500,6.6
Mon, Jan 16 2012,0800,4611,4.7,4075,1.9,8686,3.4
Mon, Jan 16 2012,0900,4815,4.1,6482,1.5,11297,2.6
Mon, Jan 16 2012,1000,4385,6.3,3898,3.9,8283,5.2
Mon, Jan 16 2012,1100,2863,6.5,2743,5.9,5606,6.2
Mon, Jan 16 2012,1200,2692,5.8,2596,5.9,5288,5.8
Mon, Jan 16 2012,1300,2894,5.6,2602,6.4,5496,6
Mon, Jan 16 2012,1400,2947,6,2895,5.7,5842,5.9
Mon, Jan 16 2012,1500,2964,5.1,3064,5.4,6028,5.2
Mon, Jan 16 2012,1600,3292,4.4,3246,5,6538,4.7
Mon, Jan 16 2012,1700,4446,3.6,4341,3,8787,3.3
Mon, Jan 16 2012,1800,6103,3.1,4785,1.9,10888,2.5
Mon, Jan 16 2012,1900,4550,2.1,3870,1.2,8420,1.7
Mon, Jan 16 2012,2000,2575,2,2233,1.9,4808,2
Mon, Jan 16 2012,2100,1605,2,1502,2.2,3107,2.1
Mon, Jan 16 2012,2200,1159,2.1,1171,2.7,2330,2.4
Mon, Jan 16 2012,2300,908,1.2,819,1.6,1727,1.4
Mon, Jan 16 2012,2400,507,3.4,415,2.7,922,3
Tue, Jan 17 2012,0100,282,7.4,225,3.1,507,5.5
Tue, Jan 17 2012,0200,112,10.7,123,6.5,235,8.5
Tue, Jan 17 2012,0300,68,16.2,94,14.9,162,15.4
Tue, Jan 17 2012,0400,58,27.6,83,16.9,141,21.3
Tue, Jan 17 2012,0500,100,27,194,8.2,294,14.6
Tue, Jan 17 2012,0600,353,18.4,456,6.4,809,11.6
Tue, Jan 17 2012,0700,1116,9.5,1258,5.2,2374,7.2
Tue, Jan 17 2012,0800,4575,4.9,4111,2.4,8686,3.7
Tue, Jan 17 2012,0900,5267,4.9,6357,1.9,11624,3.2
Tue, Jan 17 2012,1000,4072,5.6,4143,3.7,8215,4.6
Tue, Jan 17 2012,1100,2852,6.2,2774,5.8,5626,6
Tue, Jan 17 2012,1200,2637,6.3,2646,6.5,5283,6.4
Tue, Jan 17 2012,1300,2788,7,2725,6.6,5513,6.8
Tue, Jan 17 2012,1400,3081,5.6,2932,6.4,6013,6
Tue, Jan 17 2012,1500,3089,6.5,3183,6.4,6272,6.5
Tue, Jan 17 2012,1600,3559,4.6,3331,5,6890,4.8
Tue, Jan 17 2012,1700,4584,3.2,4503,3,9087,3.1
Tue, Jan 17 2012,1800,6109,2.7,4897,2.1,11006,2.4
Tue, Jan 17 2012,1900,4852,2.6,3927,1.2,8779,2
Tue, Jan 17 2012,2000,2836,1.9,2574,1.2,5410,1.6
Tue, Jan 17 2012,2100,1708,2.1,1757,1.9,3465,2
Tue, Jan 17 2012,2200,1299,1.8,1373,2.2,2672,2
Tue, Jan 17 2012,2300,979,2.7,983,2.3,1962,2.5
Tue, Jan 17 2012,2400,557,2.7,541,3.5,1098,3.1
Wed, Jan 18 2012,0100,287,7,255,5.5,542,6.3
Wed, Jan 18 2012,0200,125,9.6,155,10.3,280,10
Wed, Jan 18 2012,0300,75,18.7,93,4.3,168,10.7
Wed, Jan 18 2012,0400,65,16.9,100,8,165,11.5
Wed, Jan 18 2012,0500,82,26.8,172,8.1,254,14.2
Wed, Jan 18 2012,0600,326,18.4,422,4.5,748,10.6
Wed, Jan 18 2012,0700,1108,8.1,1259,5.5,2367,6.7
Wed, Jan 18 2012,0800,4570,5.2,3971,2,8541,3.7
Wed, Jan 18 2012,0900,5263,4.9,6315,1.9,11578,3.3
Wed, Jan 18 2012,1000,3959,4.7,4331,3.5,8290,4.1
Wed, Jan 18 2012,1100,3058,6.5,2816,6.6,5874,6.5
Wed, Jan 18 2012,1200,2809,7.3,2764,6.8,5573,7
Wed, Jan 18 2012,1300,2934,7,2899,6.7,5833,6.8
Wed, Jan 18 2012,1400,3277,5.5,3119,5.5,6396,5.5
Wed, Jan 18 2012,1500,3185,5.4,3143,5.2,6328,5.3
Wed, Jan 18 2012,1600,3350,4.6,3480,5.2,6830,4.9
Wed, Jan 18 2012,1700,4633,3.4,4495,3.4,9128,3.4
Wed, Jan 18 2012,1800,6266,2.6,4944,2.2,11210,2.4
Wed, Jan 18 2012,1900,4884,2.2,4176,1.2,9060,1.7
Wed, Jan 18 2012,2000,2915,2,2654,1.7,5569,1.9
Wed, Jan 18 2012,2100,1920,2.2,1891,1.6,3811,1.9
Wed, Jan 18 2012,2200,1405,1.8,1492,2.2,2897,2
Wed, Jan 18 2012,2300,1077,3.2,1028,2,2105,2.7
Wed, Jan 18 2012,2400,663,2.4,555,2.5,1218,2.5
Thu, Jan 19 2012,0100,327,8.3,260,6.2,587,7.3
Thu, Jan 19 2012,0200,123,8.1,129,7.8,252,7.9
Thu, Jan 19 2012,0300,81,24.7,98,10.2,179,16.8
Thu, Jan 19 2012,0400,72,22.2,87,16.1,159,18.9
Thu, Jan 19 2012,0500,97,25.8,193,6.7,290,13.1
Thu, Jan 19 2012,0600,281,18.1,380,7.6,661,12.1
Thu, Jan 19 2012,0700,1084,8.9,1202,4.8,2286,6.8
Thu, Jan 19 2012,0800,4510,5.2,4070,2.3,8580,3.8
Thu, Jan 19 2012,0900,5310,5,6355,1.7,11665,3.2
Thu, Jan 19 2012,1000,4060,5.3,4311,3.8,8371,4.6
Thu, Jan 19 2012,1100,3004,6.3,2834,6.3,5838,6.3
Thu, Jan 19 2012,1200,2732,7.3,2712,7.1,5444,7.2
Thu, Jan 19 2012,1300,3035,6.2,2782,6.5,5817,6.3
Thu, Jan 19 2012,1400,3130,5.6,3148,6.3,6278,5.9
Thu, Jan 19 2012,1500,3243,5.4,3184,5.8,6427,5.6
Thu, Jan 19 2012,1600,3542,4.8,3605,5,7147,4.9
Thu, Jan 19 2012,1700,4731,3.2,4491,3.1,9222,3.2
Thu, Jan 19 2012,1800,6262,2.8,5032,2.2,11294,2.5
Thu, Jan 19 2012,1900,5003,2.6,4133,1.4,9136,2.1
Thu, Jan 19 2012,2000,2937,2.2,2822,1.5,5759,1.9
Thu, Jan 19 2012,2100,2015,1.9,1936,1.4,3951,1.7
Thu, Jan 19 2012,2200,1518,2.2,1636,1.9,3154,2
Thu, Jan 19 2012,2300,1143,1.7,1151,1.7,2294,1.7
Thu, Jan 19 2012,2400,695,3.2,598,2.8,1293,3
Fri, Jan 20 2012,0100,362,4.7,326,3.4,688,4.1
Fri, Jan 20 2012,0200,163,7.4,171,7.6,334,7.5
Fri, Jan 20 2012,0300,97,17.5,126,13.5,223,15.2
Fri, Jan 20 2012,0400,74,20.3,115,15.7,189,17.5
Fri, Jan 20 2012,0500,100,30,216,11.6,316,17.4
Fri, Jan 20 2012,0600,335,17,439,4.8,774,10.1
Fri, Jan 20 2012,0700,1083,12.7,1200,6.5,2283,9.4
Fri, Jan 20 2012,0800,4299,4.9,3839,2.5,8138,3.8
Fri, Jan 20 2012,0900,5318,5.1,6136,1.9,11454,3.4
Fri, Jan 20 2012,1000,3896,5.5,3972,3.9,7868,4.7
Fri, Jan 20 2012,1100,2991,7.1,2897,5.6,5888,6.4
Fri, Jan 20 2012,1200,2895,6.8,2991,6.7,5886,6.7
Fri, Jan 20 2012,1300,3237,6,3359,5.8,6596,5.9
Fri, Jan 20 2012,1400,3574,4.6,3607,4.3,7181,4.5
Fri, Jan 20 2012,1500,3741,4.4,3779,4.4,7520,4.4
Fri, Jan 20 2012,1600,4280,3.6,4371,4,8651,3.8
Fri, Jan 20 2012,1700,5221,3.6,5040,2.3,10261,3
Fri, Jan 20 2012,1800,5779,2.9,4849,1.5,10628,2.3
Fri, Jan 20 2012,1900,4199,1.8,4020,1.2,8219,1.5
Fri, Jan 20 2012,2000,2872,2.3,2961,1.1,5833,1.7
Fri, Jan 20 2012,2100,1857,1.6,1954,1.4,3811,1.5
Fri, Jan 20 2012,2200,1382,1.5,1422,1.5,2804,1.5
Fri, Jan 20 2012,2300,911,1.8,924,2.5,1835,2.1
Fri, Jan 20 2012,2400,715,3.2,686,2.6,1401,2.9
Sat, Jan 21 2012,0100,528,3.6,454,2.9,982,3.3
Sat, Jan 21 2012,0200,266,5.6,286,3.8,552,4.7
Sat, Jan 21 2012,0300,174,5.7,222,5.9,396,5.8
Sat, Jan 21 2012,0400,154,10.4,182,6,336,8
Sat, Jan 21 2012,0500,133,14.3,247,3.2,380,7.1
Sat, Jan 21 2012,0600,232,18.1,258,3.5,490,10.4
Sat, Jan 21 2012,0700,365,11,474,4.4,839,7.3
Sat, Jan 21 2012,0800,894,5.4,841,3.4,1735,4.4
Sat, Jan 21 2012,0900,1487,2.8,1502,2.7,2989,2.7
Sat, Jan 21 2012,1000,2348,2.7,2355,2.6,4703,2.7
Sat, Jan 21 2012,1100,2381,2.7,2807,2.1,5188,2.4
Sat, Jan 21 2012,1200,3101,2.8,3168,1.7,6269,2.3
Sat, Jan 21 2012,1300,3534,2.1,3416,1.3,6950,1.7
Sat, Jan 21 2012,1400,3654,2.4,3591,1.3,7245,1.9
Sat, Jan 21 2012,1500,3505,2,3546,1.4,7051,1.7
Sat, Jan 21 2012,1600,3217,1.9,3372,1.1,6589,1.5
Sat, Jan 21 2012,1700,3324,1.8,3542,1,6866,1.4
Sat, Jan 21 2012,1800,3156,2,3072,1.4,6228,1.7
Sat, Jan 21 2012,1900,2627,1.4,2643,1.1,5270,1.3
Sat, Jan 21 2012,2000,1997,1.4,1928,0.8,3925,1.1
Sat, Jan 21 2012,2100,1530,1.2,1429,0.9,2959,1.1
Sat, Jan 21 2012,2200,1001,1,983,1.6,1984,1.3
Sat, Jan 21 2012,2300,732,1.6,716,1.1,1448,1.4
Sat, Jan 21 2012,2400,645,0.9,659,0.5,1304,0.7
Sun, Jan 22 2012,0100,551,1.3,526,2.5,1077,1.9
Sun, Jan 22 2012,0200,331,2.1,394,1.3,725,1.7
Sun, Jan 22 2012,0300,214,2.8,264,2.3,478,2.5
Sun, Jan 22 2012,0400,154,4.5,158,2.5,312,3.5
Sun, Jan 22 2012,0500,118,7.6,228,3.5,346,4.9
Sun, Jan 22 2012,0600,137,5.1,179,2.8,316,3.8
Sun, Jan 22 2012,0700,239,5.4,280,2.1,519,3.7
Sun, Jan 22 2012,0800,405,1.5,431,1.9,836,1.7
Sun, Jan 22 2012,0900,636,1.4,827,1.8,1463,1.6
Sun, Jan 22 2012,1000,1222,2.1,1242,1.4,2464,1.7
Sun, Jan 22 2012,1100,1692,1.3,1722,0.9,3414,1.1
Sun, Jan 22 2012,1200,2189,1.1,2352,1,4541,1
Sun, Jan 22 2012,1300,2948,1.9,3023,0.5,5971,1.2
Sun, Jan 22 2012,1400,3542,1.2,3328,0.2,6870,0.7
Sun, Jan 22 2012,1500,3519,1.2,3295,0.5,6814,0.9
Sun, Jan 22 2012,1600,3284,1.6,3263,0.3,6547,1
Sun, Jan 22 2012,1700,3378,1.6,3079,0.6,6457,1.1
Sun, Jan 22 2012,1800,3334,1.8,3054,0.6,6388,1.2
Sun, Jan 22 2012,1900,3171,1.7,2718,0.5,5889,1.1
Sun, Jan 22 2012,2000,2686,1.3,2223,0.7,4909,1.1
Sun, Jan 22 2012,2100,2332,1,1848,1.1,4180,1.1
Sun, Jan 22 2012,2200,1710,0.9,1116,1.3,2826,1
Sun, Jan 22 2012,2300,1016,1.1,707,1.1,1723,1.1
Sun, Jan 22 2012,2400,630,2.2,463,2.8,1093,2.5
Mon, Jan 23 2012,0100,346,2.9,293,4.4,639,3.6
Mon, Jan 23 2012,0200,139,5.8,143,4.9,282,5.3
Mon, Jan 23 2012,0300,66,12.1,108,10.2,174,10.9
Mon, Jan 23 2012,0400,78,23.1,94,10.6,172,16.3
Mon, Jan 23 2012,0500,86,16.3,215,7.9,301,10.3
Mon, Jan 23 2012,0600,338,14.2,475,5.1,813,8.9
Mon, Jan 23 2012,0700,1143,8.8,1303,3.8,2446,6.1
Mon, Jan 23 2012,0800,4649,4.7,4098,2.1,8747,3.5
Mon, Jan 23 2012,0900,5200,4.2,6423,1.8,11623,2.9
Mon, Jan 23 2012,1000,3985,5.7,4009,3.4,7994,4.6
Mon, Jan 23 2012,1100,2965,7,2775,5.4,5740,6.2
Mon, Jan 23 2012,1200,2622,6.3,2644,6.9,5266,6.6
Mon, Jan 23 2012,1300,2907,6.5,2679,7.4,5586,6.9
Mon, Jan 23 2012,1400,3168,5.3,2947,5,6115,5.1
Mon, Jan 23 2012,1500,3056,5.8,3184,5.8,6240,5.8
Mon, Jan 23 2012,1600,3312,4.8,3172,5.7,6484,5.2
Mon, Jan 23 2012,1700,4398,3.5,4330,3.4,8728,3.5
Mon, Jan 23 2012,1800,6230,2.9,4837,2.2,11067,2.6
Mon, Jan 23 2012,1900,4664,1.9,3988,1.5,8652,1.7
Mon, Jan 23 2012,2000,2609,1.5,2348,1.4,4957,1.5
Mon, Jan 23 2012,2100,1662,1.6,1536,1.7,3198,1.7
Mon, Jan 23 2012,2200,1194,2.3,1286,2.3,2480,2.3
Mon, Jan 23 2012,2300,925,2.5,911,2.7,1836,2.6
Mon, Jan 23 2012,2400,511,2,407,3.9,918,2.8
Tue, Jan 24 2012,0100,262,4.6,250,6,512,5.3
Tue, Jan 24 2012,0200,137,13.9,128,7.8,265,10.9
Tue, Jan 24 2012,0300,67,14.9,89,13.5,156,14.1
Tue, Jan 24 2012,0400,63,20.6,90,12.2,153,15.7
Tue, Jan 24 2012,0500,99,25.3,234,6.4,333,12
Tue, Jan 24 2012,0600,324,22.2,436,6,760,12.9
Tue, Jan 24 2012,0700,1093,9.8,1229,5.5,2322,7.5
Tue, Jan 24 2012,0800,4560,5.1,4118,2.3,8678,3.8
Tue, Jan 24 2012,0900,5282,4.6,5183,2,10465,3.3
Tue, Jan 24 2012,1000,4268,5.6,4685,3,8953,4.3
Tue, Jan 24 2012,1100,2894,6.2,2886,5.4,5780,5.8
Tue, Jan 24 2012,1200,2662,6.6,2698,6.9,5360,6.8
Tue, Jan 24 2012,1300,2880,6.4,2776,5.9,5656,6.1
Tue, Jan 24 2012,1400,3007,5.4,3067,5.3,6074,5.4
Tue, Jan 24 2012,1500,3018,4.6,3027,5.3,6045,4.9
Tue, Jan 24 2012,1600,3466,4.7,3554,5,7020,4.8
Tue, Jan 24 2012,1700,4631,4,4598,3.3,9229,3.6
Tue, Jan 24 2012,1800,6161,3.1,4806,1.8,10967,2.5
Tue, Jan 24 2012,1900,4950,2.7,3991,1.2,8941,2
Tue, Jan 24 2012,2000,2837,2,2609,1.5,5446,1.8
Tue, Jan 24 2012,2100,1741,2.6,1771,1.5,3512,2.1
Tue, Jan 24 2012,2200,1389,1.5,1422,1.5,2811,1.5
Tue, Jan 24 2012,2300,1011,2.5,1028,3.3,2039,2.9
Tue, Jan 24 2012,2400,598,3,590,2.5,1188,2.8
Wed, Jan 25 2012,0100,307,4.9,292,6.2,599,5.5
Wed, Jan 25 2012,0200,129,14,147,8.8,276,11.2
Wed, Jan 25 2012,0300,76,11.8,101,13.9,177,13
Wed, Jan 25 2012,0400,72,22.2,104,10.6,176,15.3
Wed, Jan 25 2012,0500,102,23.5,192,6.8,294,12.6
Wed, Jan 25 2012,0600,329,19.8,452,5.1,781,11.3
Wed, Jan 25 2012,0700,1070,8.2,1202,4.8,2272,6.4
Wed, Jan 25 2012,0800,4366,5.1,4182,2.3,8548,3.7
Wed, Jan 25 2012,0900,5043,4.8,6438,1.8,11481,3.1
Wed, Jan 25 2012,1000,4499,5.1,4024,3.4,8523,4.3
Wed, Jan 25 2012,1100,2959,6.3,2873,5,5832,5.7
Wed, Jan 25 2012,1200,2792,6.9,2781,6.1,5573,6.5
Wed, Jan 25 2012,1300,2926,6,2980,6.3,5906,6.2
Wed, Jan 25 2012,1400,3271,5.5,3185,5.5,6456,5.5
Wed, Jan 25 2012,1500,3429,5.4,3247,5.7,6676,5.5
Wed, Jan 25 2012,1600,3543,4.5,3491,6,7034,5.3
Wed, Jan 25 2012,1700,4644,3.7,4560,3.2,9204,3.5
Wed, Jan 25 2012,1800,5964,3.4,4825,2.2,10789,2.9
Wed, Jan 25 2012,1900,4882,2.6,3983,1.3,8865,2
Wed, Jan 25 2012,2000,2915,2.1,2732,1.6,5647,1.8
Wed, Jan 25 2012,2100,1813,1.8,1760,1.5,3573,1.7
Wed, Jan 25 2012,2200,1438,1.6,1436,1.5,2874,1.5
Wed, Jan 25 2012,2300,1070,1.9,1051,1.8,2121,1.8
Wed, Jan 25 2012,2400,610,3.6,571,3.5,1181,3.6
Thu, Jan 26 2012,0100,338,7.1,320,4.4,658,5.8
Thu, Jan 26 2012,0200,149,13.4,135,13.3,284,13.4
Thu, Jan 26 2012,0300,84,19,128,14.8,212,16.5
Thu, Jan 26 2012,0400,82,28,114,16.7,196,21.4
Thu, Jan 26 2012,0500,141,19.9,230,9.1,371,13.2
Thu, Jan 26 2012,0600,323,16.7,434,5.5,757,10.3
Thu, Jan 26 2012,0700,1032,8.5,1240,5,2272,6.6
Thu, Jan 26 2012,0800,4548,5.2,4072,2.1,8620,3.7
Thu, Jan 26 2012,0900,5065,5.1,6256,1.6,11321,3.2
Thu, Jan 26 2012,1000,4430,6.5,4212,3.4,8642,5
Thu, Jan 26 2012,1100,2973,6.4,2953,4.7,5926,5.5
Thu, Jan 26 2012,1200,2875,5.7,2771,6.1,5646,5.9
Thu, Jan 26 2012,1300,2879,6.1,2919,7.2,5798,6.7
Thu, Jan 26 2012,1400,3207,5.6,3136,5.8,6343,5.7
Thu, Jan 26 2012,1500,3236,4.7,3159,5.7,6395,5.2
Thu, Jan 26 2012,1600,3513,4.9,3575,5.7,7088,5.3
Thu, Jan 26 2012,1700,4785,3.1,4689,3,9474,3.1
Thu, Jan 26 2012,1800,6227,3,4998,2.3,11225,2.7
Thu, Jan 26 2012,1900,4918,2.3,4029,1.5,8947,1.9
Thu, Jan 26 2012,2000,3091,2,2859,1.5,5950,1.7
Thu, Jan 26 2012,2100,2012,2,2070,1.4,4082,1.7
Thu, Jan 26 2012,2200,1567,1.7,1646,1,3213,1.4
Thu, Jan 26 2012,2300,1153,2.1,1036,3.3,2189,2.6
Thu, Jan 26 2012,2400,679,3.2,603,4.1,1282,3.7
Fri, Jan 27 2012,0100,350,4.3,346,4,696,4.2
Fri, Jan 27 2012,0200,154,10.4,173,7.5,327,8.9
Fri, Jan 27 2012,0300,89,13.5,115,9.6,204,11.3
Fri, Jan 27 2012,0400,75,18.7,125,11.2,200,14
Fri, Jan 27 2012,0500,122,25.4,248,8.1,370,13.8
Fri, Jan 27 2012,0600,338,19.8,441,5,779,11.4
Fri, Jan 27 2012,0700,1053,11.1,1181,5.2,2234,8
Fri, Jan 27 2012,0800,4349,4.9,3896,2.3,8245,3.7
Fri, Jan 27 2012,0900,5256,5,6204,1.7,11460,3.2
Fri, Jan 27 2012,1000,3792,5.7,3891,4,7683,4.8
Fri, Jan 27 2012,1100,2909,6.8,2930,5.5,5839,6.1
Fri, Jan 27 2012,1200,2987,6.3,3052,7.4,6039,6.8
Fri, Jan 27 2012,1300,3379,6.1,3429,5.4,6808,5.7
Fri, Jan 27 2012,1400,3636,5.1,3752,5.3,7388,5.2
Fri, Jan 27 2012,1500,3760,4.7,3922,4.4,7682,4.6
Fri, Jan 27 2012,1600,4196,3.8,4680,3.7,8876,3.8
Fri, Jan 27 2012,1700,5082,3.6,4554,3.1,9636,3.4
Fri, Jan 27 2012,1800,5544,2.9,4070,2.4,9614,2.7
Fri, Jan 27 2012,1900,4356,2.4,4247,1.2,8603,1.8
Fri, Jan 27 2012,2000,2981,1.9,2995,1.3,5976,1.6
Fri, Jan 27 2012,2100,2049,2.1,2045,1.1,4094,1.6
Fri, Jan 27 2012,2200,1416,2.5,1605,2,3021,2.3
Fri, Jan 27 2012,2300,1040,2.4,984,2.8,2024,2.6
Fri, Jan 27 2012,2400,759,2.6,679,2.8,1438,2.7
Sat, Jan 28 2012,0100,473,3.6,486,3.5,959,3.5
Sat, Jan 28 2012,0200,311,4.5,334,4.8,645,4.7
Sat, Jan 28 2012,0300,216,5.1,218,6,434,5.5
Sat, Jan 28 2012,0400,150,13.3,179,4.5,329,8.5
Sat, Jan 28 2012,0500,135,14.1,255,5.9,390,8.7
Sat, Jan 28 2012,0600,232,18.1,301,6.6,533,11.6
Sat, Jan 28 2012,0700,403,7.4,462,3.5,865,5.3
Sat, Jan 28 2012,0800,832,6.6,857,2.9,1689,4.7
Sat, Jan 28 2012,0900,1542,3.4,1503,3.1,3045,3.3
Sat, Jan 28 2012,1000,2531,3,2507,2.5,5038,2.8
Sat, Jan 28 2012,1100,2736,2.6,2981,2,5717,2.3
Sat, Jan 28 2012,1200,3289,2.6,3125,1.9,6414,2.3
Sat, Jan 28 2012,1300,3921,2.9,3728,1,7649,2
Sat, Jan 28 2012,1400,3688,2.2,3566,1.2,7254,1.7
Sat, Jan 28 2012,1500,3369,1.3,3305,1.2,6674,1.3
Sat, Jan 28 2012,1600,3459,2.1,3454,1.3,6913,1.7
Sat, Jan 28 2012,1700,3387,1.3,3693,1.3,7080,1.3
Sat, Jan 28 2012,1800,3117,1.8,3512,1.3,6629,1.6
Sat, Jan 28 2012,1900,2751,1.5,2757,0.7,5508,1.1
Sat, Jan 28 2012,2000,2249,1,2035,0.7,4284,0.9
Sat, Jan 28 2012,2100,1626,1.2,1635,1.3,3261,1.3
Sat, Jan 28 2012,2200,989,1.5,974,1.8,1963,1.7
Sat, Jan 28 2012,2300,763,1.2,804,1.4,1567,1.3
Sat, Jan 28 2012,2400,632,1.1,602,1.2,1234,1.1
Sun, Jan 29 2012,0100,582,2.1,573,1,1155,1.6
Sun, Jan 29 2012,0200,388,1.8,387,1.8,775,1.8
Sun, Jan 29 2012,0300,226,3.1,279,3.6,505,3.4
Sun, Jan 29 2012,0400,149,4.7,203,1.5,352,2.8
Sun, Jan 29 2012,0500,126,3.2,218,2.3,344,2.6
Sun, Jan 29 2012,0600,146,2.1,208,5.3,354,4
Sun, Jan 29 2012,0700,213,6.6,280,2.5,493,4.3
Sun, Jan 29 2012,0800,404,1.2,455,2.4,859,1.9
Sun, Jan 29 2012,0900,671,3.1,673,2.4,1344,2.8
Sun, Jan 29 2012,1000,1306,2.4,995,1.8,2301,2.1
Sun, Jan 29 2012,1100,1741,1.7,1576,0.9,3317,1.3
Sun, Jan 29 2012,1200,2406,1.4,2071,0.5,4477,1
Sun, Jan 29 2012,1300,3084,1.7,2681,1,5765,1.4
Sun, Jan 29 2012,1400,3354,1.3,3418,0.4,6772,0.9
Sun, Jan 29 2012,1500,3340,1.6,3383,0.5,6723,1
Sun, Jan 29 2012,1600,3322,1.6,3461,0.7,6783,1.1
Sun, Jan 29 2012,1700,3333,1.6,3649,1.3,6982,1.4
Sun, Jan 29 2012,1800,3309,2.1,3152,1,6461,1.5
Sun, Jan 29 2012,1900,3022,1.7,2741,0.6,5763,1.2
Sun, Jan 29 2012,2000,2665,1.4,2204,1,4869,1.2
Sun, Jan 29 2012,2100,2148,1.7,1691,0.8,3839,1.3
Sun, Jan 29 2012,2200,1774,1.8,1169,2.5,2943,2.1
Sun, Jan 29 2012,2300,1113,1.3,671,2.1,1784,1.6
Sun, Jan 29 2012,2400,695,2.4,441,2,1136,2.3
Mon, Jan 30 2012,0100,364,4.4,265,4.2,629,4.3
Mon, Jan 30 2012,0200,144,2.8,139,2.9,283,2.8
Mon, Jan 30 2012,0300,75,21.3,88,11.4,163,16
Mon, Jan 30 2012,0400,61,16.4,80,11.2,141,13.5
Mon, Jan 30 2012,0500,107,18.7,197,8.6,304,12.2
Mon, Jan 30 2012,0600,311,13.5,473,5.3,784,8.5
Mon, Jan 30 2012,0700,1139,8,1284,3.7,2423,5.7
Mon, Jan 30 2012,0800,4520,4.3,3923,1.7,8443,3.1
Mon, Jan 30 2012,0900,5205,4.2,6117,1.1,11322,2.5
Mon, Jan 30 2012,1000,4091,5.5,3987,3.3,8078,4.4
Mon, Jan 30 2012,1100,2825,6.4,3009,5.9,5834,6.2
Mon, Jan 30 2012,1200,2628,7.4,2628,6,5256,6.7
Mon, Jan 30 2012,1300,2805,6,2793,6.9,5598,6.4
Mon, Jan 30 2012,1400,3104,5.5,2857,5,5961,5.3
Mon, Jan 30 2012,1500,3048,5.2,3050,5.9,6098,5.6
Mon, Jan 30 2012,1600,3311,4.9,3296,5.2,6607,5.1
Mon, Jan 30 2012,1700,4404,3.1,4404,3.4,8808,3.2
Mon, Jan 30 2012,1800,5908,3.2,4663,2.1,10571,2.7
Mon, Jan 30 2012,1900,4576,2.5,3732,1.1,8308,1.9
Mon, Jan 30 2012,2000,2512,1.8,2271,1.7,4783,1.7
Mon, Jan 30 2012,2100,1692,2.5,1553,1.5,3245,2
Mon, Jan 30 2012,2200,1196,1.8,1338,1.6,2534,1.7
Mon, Jan 30 2012,2300,933,1.9,847,1.8,1780,1.9
Mon, Jan 30 2012,2400,542,2,446,4,988,2.9
