Day of Week,Date,Hour ending,Hourly volume Eastbound,HCV % Eastbound,Hourly volume Westbound,HCV % Westbound,Total volume,Total % HCV
Tue, Apr 26 2011,0100,290,6.9,369,7,659,7
Tue, Apr 26 2011,0200,213,11.7,282,10.6,495,11.1
Tue, Apr 26 2011,0300,134,14.9,196,15.8,330,15.5
Tue, Apr 26 2011,0400,92,21.7,76,25,168,23.2
Tue, Apr 26 2011,0500,115,13,118,22.9,233,18
Tue, Apr 26 2011,0600,425,9.4,224,25.4,649,14.9
Tue, Apr 26 2011,0700,874,10.1,711,16.9,1585,13.1
Tue, Apr 26 2011,0800,1190,18.9,1468,16.8,2658,17.8
Tue, Apr 26 2011,0900,2616,11.5,3466,13,6082,12.3
Tue, Apr 26 2011,1000,3351,9,4107,9.3,7458,9.2
Tue, Apr 26 2011,1100,2693,12.7,3017,11.9,5710,12.3
Tue, Apr 26 2011,1200,2475,14.3,2735,13.7,5210,14
Tue, Apr 26 2011,1300,2560,14.2,2905,11.7,5465,12.9
Tue, Apr 26 2011,1400,2822,12.3,2953,12.9,5775,12.6
Tue, Apr 26 2011,1500,3181,12.4,2915,11.5,6096,12
Tue, Apr 26 2011,1600,3178,12.3,3009,10.4,6187,11.4
Tue, Apr 26 2011,1700,3332,10.7,3141,10.2,6473,10.5
Tue, Apr 26 2011,1800,3980,8.2,3417,7.9,7397,8
Tue, Apr 26 2011,1900,4816,5.3,3677,6.6,8493,5.8
Tue, Apr 26 2011,2000,3747,5.6,2864,5.1,6611,5.4
Tue, Apr 26 2011,2100,2438,6.9,2026,5,4464,6
Tue, Apr 26 2011,2200,1694,7.2,1587,5.2,3281,6.2
Tue, Apr 26 2011,2300,1243,5,1236,5.6,2479,5.3
Tue, Apr 26 2011,2400,951,5.6,1025,5.9,1976,5.7
Wed, Apr 27 2011,0100,576,8.5,745,7,1321,7.6
Wed, Apr 27 2011,0200,339,15.6,415,11.1,754,13.1
Wed, Apr 27 2011,0300,140,22.9,233,19.7,373,20.9
Wed, Apr 27 2011,0400,113,19.5,110,25.5,223,22.4
Wed, Apr 27 2011,0500,159,18.9,114,30.7,273,23.8
Wed, Apr 27 2011,0600,443,14.7,280,28.9,723,20.2
Wed, Apr 27 2011,0700,833,11.9,674,17.2,1507,14.3
Wed, Apr 27 2011,0800,1272,18.9,1549,20.5,2821,19.8
Wed, Apr 27 2011,0900,2770,12.2,3461,11.6,6231,11.9
Wed, Apr 27 2011,1000,3513,9.2,4285,8.1,7798,8.6
Wed, Apr 27 2011,1100,2923,11.5,3123,10.8,6046,11.1
Wed, Apr 27 2011,1200,2618,14.5,2923,13.2,5541,13.8
Wed, Apr 27 2011,1300,2670,13.2,3061,12.2,5731,12.7
Wed, Apr 27 2011,1400,2912,12.6,3036,14.1,5948,13.4
Wed, Apr 27 2011,1500,3190,13,2916,12.4,6106,12.7
Wed, Apr 27 2011,1600,3205,11.7,3015,11.1,6220,11.4
Wed, Apr 27 2011,1700,3388,11,3192,9.3,6580,10.2
Wed, Apr 27 2011,1800,4080,8.4,3612,8,7692,8.2
Wed, Apr 27 2011,1900,4746,5.1,4007,6.8,8753,5.8
Wed, Apr 27 2011,2000,3799,5,3141,6.2,6940,5.5
Wed, Apr 27 2011,2100,2538,7.4,2210,5.4,4748,6.4
Wed, Apr 27 2011,2200,1840,5.2,1773,4.2,3613,4.7
Wed, Apr 27 2011,2300,1497,4,1404,4.3,2901,4.1
Wed, Apr 27 2011,2400,1113,4.4,1193,3.4,2306,3.9
Thu, Apr 28 2011,0100,606,7.3,825,6.3,1431,6.7
Thu, Apr 28 2011,0200,337,13.9,413,9.7,750,11.6
Thu, Apr 28 2011,0300,130,17.7,210,22.4,340,20.6
Thu, Apr 28 2011,0400,107,24.3,101,25.7,208,25
Thu, Apr 28 2011,0500,148,22.3,136,22.8,284,22.5
Thu, Apr 28 2011,0600,389,10.3,230,25.2,619,15.8
Thu, Apr 28 2011,0700,769,12.5,628,19.3,1397,15.5
Thu, Apr 28 2011,0800,1145,18.3,1510,21.4,2655,20
Thu, Apr 28 2011,0900,2734,12.5,3504,11.6,6238,12
Thu, Apr 28 2011,1000,3522,8.4,4295,8.5,7817,8.5
Thu, Apr 28 2011,1100,2898,12.5,3258,10.7,6156,11.6
Thu, Apr 28 2011,1200,2492,13.8,2832,12.5,5324,13.1
Thu, Apr 28 2011,1300,2802,15.3,2974,12.1,5776,13.7
Thu, Apr 28 2011,1400,3103,11.5,3079,14.3,6182,12.9
Thu, Apr 28 2011,1500,3335,11.6,2853,11.6,6188,11.6
Thu, Apr 28 2011,1600,3416,10.4,3292,10.2,6708,10.3
Thu, Apr 28 2011,1700,3506,10.7,3373,8.5,6879,9.6
Thu, Apr 28 2011,1800,4115,8.1,3829,8.3,7944,8.2
Thu, Apr 28 2011,1900,4768,5.3,4091,6.7,8859,6
Thu, Apr 28 2011,2000,3838,4.8,3365,6.2,7203,5.4
Thu, Apr 28 2011,2100,2598,5.5,2427,4.8,5025,5.2
Thu, Apr 28 2011,2200,2014,4.4,1985,4.5,3999,4.5
Thu, Apr 28 2011,2300,1750,4.2,1620,3.8,3370,4
Thu, Apr 28 2011,2400,1122,5.6,1354,2.8,2476,4.1
Fri, Apr 29 2011,0100,713,5,923,7.3,1636,6.3
Fri, Apr 29 2011,0200,402,8.2,490,10,892,9.2
Fri, Apr 29 2011,0300,176,14.8,262,11.8,438,13
Fri, Apr 29 2011,0400,141,17.7,125,22.4,266,19.9
Fri, Apr 29 2011,0500,190,21.1,156,25.6,346,23.1
Fri, Apr 29 2011,0600,414,11.1,275,19.6,689,14.5
Fri, Apr 29 2011,0700,708,13.1,631,17.9,1339,15.4
Fri, Apr 29 2011,0800,1142,20.4,1560,24.1,2702,22.5
Fri, Apr 29 2011,0900,2599,12.7,3148,12.4,5747,12.5
Fri, Apr 29 2011,1000,3314,10,4119,10.3,7433,10.2
Fri, Apr 29 2011,1100,2720,13.2,3093,12.6,5813,12.9
Fri, Apr 29 2011,1200,2548,13.9,2782,13,5330,13.4
Fri, Apr 29 2011,1300,2666,15.3,2986,13.1,5652,14.1
Fri, Apr 29 2011,1400,3075,12.1,3303,12.5,6378,12.3
Fri, Apr 29 2011,1500,3463,11.6,3414,10.7,6877,11.2
Fri, Apr 29 2011,1600,3649,11,3447,9.5,7096,10.2
Fri, Apr 29 2011,1700,3773,9,3821,9.2,7594,9.1
Fri, Apr 29 2011,1800,4273,7.2,3795,6.7,8068,7
Fri, Apr 29 2011,1900,4348,5.7,3604,7.8,7952,6.7
Fri, Apr 29 2011,2000,3465,5.7,2982,6.4,6447,6
Fri, Apr 29 2011,2100,2574,5.9,2370,4.6,4944,5.2
Fri, Apr 29 2011,2200,1967,7.1,1869,4,3836,5.6
Fri, Apr 29 2011,2300,1507,5.2,1372,5.1,2879,5.2
Fri, Apr 29 2011,2400,1071,4.6,1227,4.8,2298,4.7
Sat, Apr 30 2011,0100,715,5.7,1002,6.1,1717,5.9
Sat, Apr 30 2011,0200,494,8.3,500,5.8,994,7
Sat, Apr 30 2011,0300,278,12.2,395,8.4,673,10
Sat, Apr 30 2011,0400,239,14.6,199,13.6,438,14.2
Sat, Apr 30 2011,0500,219,15.5,200,17,419,16.2
Sat, Apr 30 2011,0600,455,10.3,255,18.8,710,13.4
Sat, Apr 30 2011,0700,658,6.7,504,13.1,1162,9.5
Sat, Apr 30 2011,0800,776,12.1,735,15.8,1511,13.9
Sat, Apr 30 2011,0900,1137,12.8,1026,11,2163,12
Sat, Apr 30 2011,1000,1343,8.3,1554,8.4,2897,8.4
Sat, Apr 30 2011,1100,1798,6.5,2249,6.1,4047,6.3
Sat, Apr 30 2011,1200,2074,6.1,2378,5,4452,5.5
Sat, Apr 30 2011,1300,2615,4.7,2874,4,5489,4.3
Sat, Apr 30 2011,1400,2997,4.2,3026,3.9,6023,4.1
Sat, Apr 30 2011,1500,3066,3.2,2984,2.8,6050,3
Sat, Apr 30 2011,1600,3040,2.7,2941,2.8,5981,2.7
Sat, Apr 30 2011,1700,2715,2.9,2636,2.5,5351,2.7
Sat, Apr 30 2011,1800,2531,2.5,2482,2.1,5013,2.3
Sat, Apr 30 2011,1900,2415,2.8,2493,3.9,4908,3.3
Sat, Apr 30 2011,2000,2294,3.7,2321,2.8,4615,3.3
Sat, Apr 30 2011,2100,1941,3.7,1870,3,3811,3.3
Sat, Apr 30 2011,2200,1399,3.9,1451,2.6,2850,3.2
Sat, Apr 30 2011,2300,1030,3,957,2.5,1987,2.8
Sat, Apr 30 2011,2400,763,3.8,857,3,1620,3.4
Sun, May 1 2011,0100,656,3.4,696,4.2,1352,3.8
Sun, May 1 2011,0200,417,5,531,3.6,948,4.2
Sun, May 1 2011,0300,306,6.5,450,5.3,756,5.8
Sun, May 1 2011,0400,214,5.1,236,8.1,450,6.7
Sun, May 1 2011,0500,224,6.7,214,7,438,6.8
Sun, May 1 2011,0600,382,4.7,261,8.8,643,6.4
Sun, May 1 2011,0700,564,2.3,390,5.9,954,3.8
Sun, May 1 2011,0800,592,4.9,454,3.7,1046,4.4
Sun, May 1 2011,0900,734,4.1,661,11.8,1395,7.7
Sun, May 1 2011,1000,807,4.1,931,6.3,1738,5.3
Sun, May 1 2011,1100,1197,3.1,1318,4.2,2515,3.7
Sun, May 1 2011,1200,1590,3.3,1802,2.2,3392,2.7
Sun, May 1 2011,1300,2173,2.1,2335,2.3,4508,2.2
Sun, May 1 2011,1400,2935,1.9,2795,1.7,5730,1.8
Sun, May 1 2011,1500,3296,2,2882,1.3,6178,1.7
Sun, May 1 2011,1600,3262,1.9,2816,1.4,6078,1.7
Sun, May 1 2011,1700,2694,1.3,2580,1.4,5274,1.3
Sun, May 1 2011,1800,2694,1.3,2302,1.7,4996,1.5
Sun, May 1 2011,1900,2535,2.1,2465,2.2,5000,2.1
Sun, May 1 2011,2000,2498,2.9,2723,1.9,5221,2.4
Sun, May 1 2011,2100,2078,3.6,2070,2.9,4148,3.2
Sun, May 1 2011,2200,1579,2.8,1614,2.7,3193,2.8
Sun, May 1 2011,2300,1156,2.3,1102,2.6,2258,2.5
Sun, May 1 2011,2400,862,3,964,1.7,1826,2.3
Mon, May 2 2011,0100,659,2.6,838,1.9,1497,2.2
Mon, May 2 2011,0200,349,4.6,556,5.4,905,5.1
Mon, May 2 2011,0300,188,4.3,272,4.4,460,4.3
Mon, May 2 2011,0400,179,8.4,173,5.8,352,7.1
Mon, May 2 2011,0500,189,10.1,170,12.4,359,11.1
Mon, May 2 2011,0600,423,6.9,219,11.4,642,8.4
Mon, May 2 2011,0700,614,4.9,478,9,1092,6.7
Mon, May 2 2011,0800,616,8,707,14.9,1323,11.6
Mon, May 2 2011,0900,809,7.2,756,10.8,1565,8.9
Mon, May 2 2011,1000,880,8.9,996,9.9,1876,9.4
Mon, May 2 2011,1100,1032,9.6,1153,8,2185,8.7
Mon, May 2 2011,1200,1450,5.4,1564,5.3,3014,5.3
Mon, May 2 2011,1300,1944,4.9,2139,4.4,4083,4.7
Mon, May 2 2011,1400,2797,3.3,2589,2.8,5386,3.1
Mon, May 2 2011,1500,3065,3,2877,3.6,5942,3.3
Mon, May 2 2011,1600,3368,3.1,2657,1.8,6025,2.5
Mon, May 2 2011,1700,3050,2.5,2672,2.4,5722,2.5
Mon, May 2 2011,1800,2732,2.3,2764,2.3,5496,2.3
Mon, May 2 2011,1900,2777,2.4,2835,2.4,5612,2.4
Mon, May 2 2011,2000,2767,3.1,2555,2.3,5322,2.7
Mon, May 2 2011,2100,2349,4,2074,2.6,4423,3.3
Mon, May 2 2011,2200,1835,2.8,1733,3.7,3568,3.3
Mon, May 2 2011,2300,1344,2.8,1226,4,2570,3.4
Mon, May 2 2011,2400,953,3.6,1079,3.3,2032,3.4
Tue, May 3 2011,0100,570,3.9,811,3.1,1381,3.4
Tue, May 3 2011,0200,290,9.3,387,8,677,8.6
Tue, May 3 2011,0300,123,15.4,213,19.7,336,18.2
Tue, May 3 2011,0400,102,15.7,107,18.7,209,17.2
Tue, May 3 2011,0500,139,21.6,99,34.3,238,26.9
Tue, May 3 2011,0600,408,15.2,219,24.7,627,18.5
Tue, May 3 2011,0700,979,9.5,731,21.3,1710,14.6
Tue, May 3 2011,0800,1310,19.8,1564,15.6,2874,17.5
Tue, May 3 2011,0900,3026,10,3946,10.7,6972,10.4
Tue, May 3 2011,1000,4071,8,4783,7.9,8854,8
Tue, May 3 2011,1100,3073,10.9,3412,9.6,6485,10.3
Tue, May 3 2011,1200,2340,16.2,2772,14.1,5112,15.1
Tue, May 3 2011,1300,2565,16.1,2606,15.2,5171,15.6
Tue, May 3 2011,1400,2599,16.5,2750,14.7,5349,15.6
Tue, May 3 2011,1500,2745,13.7,2713,13,5458,13.4
Tue, May 3 2011,1600,2884,14.1,2963,14.4,5847,14.3
Tue, May 3 2011,1700,3149,13.1,2952,11.6,6101,12.4
Tue, May 3 2011,1800,4044,8.4,3596,8.9,7640,8.6
Tue, May 3 2011,1900,4808,5.5,3921,6.8,8729,6.1
Tue, May 3 2011,2000,3951,5.9,3085,7,7036,6.4
Tue, May 3 2011,2100,2369,7.6,1949,6.1,4318,6.9
Tue, May 3 2011,2200,1727,7.4,1527,4.6,3254,6.1
Tue, May 3 2011,2300,1435,5.6,1243,6.7,2678,6.1
Tue, May 3 2011,2400,987,5.8,1084,4.7,2071,5.2
Wed, May 4 2011,0100,567,10.4,684,9.1,1251,9.7
Wed, May 4 2011,0200,289,15.9,422,11.1,711,13.1
Wed, May 4 2011,0300,140,23.6,244,23.8,384,23.7
Wed, May 4 2011,0400,129,23.3,140,26.4,269,24.9
Wed, May 4 2011,0500,146,22.6,116,28.4,262,25.2
Wed, May 4 2011,0600,377,14.3,238,25.6,615,18.7
Wed, May 4 2011,0700,836,11.5,583,22.1,1419,15.9
Wed, May 4 2011,0800,1336,19.6,1663,21.3,2999,20.6
Wed, May 4 2011,0900,3107,11,3981,11.3,7088,11.1
Wed, May 4 2011,1000,3984,8.1,4842,7.6,8826,7.8
Wed, May 4 2011,1100,3113,11.8,3607,9.9,6720,10.8
Wed, May 4 2011,1200,2620,15.2,2713,14.2,5333,14.6
Wed, May 4 2011,1300,2467,15.6,2707,14,5174,14.8
Wed, May 4 2011,1400,2750,14.1,2822,13.2,5572,13.6
Wed, May 4 2011,1500,2898,14.1,2860,14.2,5758,14.2
Wed, May 4 2011,1600,2973,14.6,2881,12.6,5854,13.6
Wed, May 4 2011,1700,3273,12,3077,11.5,6350,11.8
Wed, May 4 2011,1800,4112,8.5,3601,9.2,7713,8.8
Wed, May 4 2011,1900,4905,5.1,4068,6.5,8973,5.7
Wed, May 4 2011,2000,4048,5.5,3106,7,7154,6.2
Wed, May 4 2011,2100,2528,6.4,2153,5.7,4681,6.1
Wed, May 4 2011,2200,2000,6.2,1676,4.2,3676,5.3
Wed, May 4 2011,2300,1499,5.3,1448,4.8,2947,5.1
Wed, May 4 2011,2400,1008,6.1,1324,4.2,2332,5
Wed, May 18 2011,0100,321,13.4,448,9.8,769,11.3
Wed, May 18 2011,0200,236,16.1,344,16,580,16
Wed, May 18 2011,0300,151,19.9,239,27.2,390,24.4
Wed, May 18 2011,0400,121,26.4,129,31,250,28.8
Wed, May 18 2011,0500,168,24.4,127,25.2,295,24.7
Wed, May 18 2011,0600,433,15.9,232,27.2,665,19.8
Wed, May 18 2011,0700,1018,16,769,19.6,1787,17.6
Wed, May 18 2011,0800,1461,18.8,1831,21.9,3292,20.5
Wed, May 18 2011,0900,3171,10.2,4218,10.5,7389,10.4
Wed, May 18 2011,1000,4038,8.5,4653,7.2,8691,7.8
Wed, May 18 2011,1100,3170,12,3537,10.7,6707,11.3
Wed, May 18 2011,1200,2629,14,2676,14.7,5305,14.3
Wed, May 18 2011,1300,2739,14.9,2603,13,5342,14
Wed, May 18 2011,1400,2893,14.9,2834,14.8,5727,14.9
Wed, May 18 2011,1500,2917,13.3,2903,14.9,5820,14.1
Wed, May 18 2011,1600,3129,12,3112,11.5,6241,11.7
Wed, May 18 2011,1700,3423,10.8,3416,10.8,6839,10.8
Wed, May 18 2011,1800,4359,8.4,3734,8.4,8093,8.4
Wed, May 18 2011,1900,4939,5.2,4169,6.2,9108,5.6
Wed, May 18 2011,2000,4136,5.1,3237,6.9,7373,5.9
Wed, May 18 2011,2100,2572,7,2383,5.2,4955,6.1
Wed, May 18 2011,2200,1987,6.6,1671,5.5,3658,6.1
Wed, May 18 2011,2300,1672,5.7,1551,3.3,3223,4.6
Wed, May 18 2011,2400,1165,6,1441,3.9,2606,4.8
Thu, May 19 2011,0100,815,12.3,1018,7.9,1833,9.8
Thu, May 19 2011,0200,419,11,619,14.7,1038,13.2
Thu, May 19 2011,0300,156,26.3,234,10.7,390,16.9
Thu, May 19 2011,0400,139,27.3,187,37.4,326,33.1
Thu, May 19 2011,0500,170,22.4,157,26.1,327,24.2
Thu, May 19 2011,0600,410,14.1,298,24.2,708,18.4
Thu, May 19 2011,0700,870,16,690,23,1560,19.1
Thu, May 19 2011,0800,1420,19.9,1871,22.7,3291,21.5
Thu, May 19 2011,0900,3168,11.4,3958,10.2,7126,10.7
Thu, May 19 2011,1000,4060,8.6,4713,8.5,8773,8.6
Thu, May 19 2011,1100,3235,10.8,3604,9.4,6839,10.1
Thu, May 19 2011,1200,1966,14.5,2528,13.4,4494,13.9
Thu, May 19 2011,1300,2800,14.5,2493,13.6,5293,14.1
Thu, May 19 2011,1400,2343,16,2681,16.1,5024,16
Thu, May 19 2011,1500,3171,14.5,2774,14.1,5945,14.3
Thu, May 19 2011,1600,2042,10.7,2995,11.2,5037,11
Thu, May 19 2011,1700,3154,10.4,3034,9.5,6188,10
Thu, May 19 2011,1800,4660,9.9,3745,7.9,8405,9
Thu, May 19 2011,1900,5232,5.6,4351,6.6,9583,6
Thu, May 19 2011,2000,4318,4.8,3459,8.4,7777,6.4
Thu, May 19 2011,2100,2842,6.4,2542,5.2,5384,5.8
Thu, May 19 2011,2200,2172,6.2,1966,4.3,4138,5.3
Thu, May 19 2011,2300,1778,5.2,1800,3.5,3578,4.3
Thu, May 19 2011,2400,1173,5.2,1297,5.6,2470,5.4
Fri, May 20 2011,0100,694,5.3,913,6,1607,5.7
Fri, May 20 2011,0200,429,12.6,495,10.9,924,11.7
Fri, May 20 2011,0300,177,19.8,320,22.5,497,21.5
Fri, May 20 2011,0400,148,23.6,120,32.5,268,27.6
Fri, May 20 2011,0500,194,24.7,159,26.4,353,25.5
Fri, May 20 2011,0600,480,12.3,271,29.5,751,18.5
Fri, May 20 2011,0700,1028,15.5,769,19.4,1797,17.1
Fri, May 20 2011,0800,1394,20.9,1708,23,3102,22
Fri, May 20 2011,0900,3063,12.1,3663,11.9,6726,12
Fri, May 20 2011,1000,3824,8.9,4629,9.1,8453,9
Fri, May 20 2011,1100,3107,12.3,3450,11.5,6557,11.9
Fri, May 20 2011,1200,2672,15.1,2824,13.1,5496,14.1
Fri, May 20 2011,1300,2764,15.1,2917,13,5681,14
Fri, May 20 2011,1400,3094,14.4,3125,13.6,6219,14
Fri, May 20 2011,1500,3242,12.6,3145,11.4,6387,12
Fri, May 20 2011,1600,3470,12.1,3500,10,6970,11.1
Fri, May 20 2011,1700,3883,9.6,3789,9,7672,9.3
Fri, May 20 2011,1800,4412,6.8,3794,7.1,8206,6.9
Fri, May 20 2011,1900,4102,5.2,4029,6.2,8131,5.7
Fri, May 20 2011,2000,3609,4.8,3183,5.1,6792,4.9
Fri, May 20 2011,2100,2922,6,2677,3.5,5599,4.8
Fri, May 20 2011,2200,2110,5.5,1992,3.3,4102,4.4
Fri, May 20 2011,2300,1602,4.7,1607,3.9,3209,4.3
Fri, May 20 2011,2400,1234,3.9,1170,4.4,2404,4.1
Sat, May 21 2011,0100,787,5.1,1109,5,1896,5.1
Sat, May 21 2011,0200,545,7.3,577,7.1,1122,7.2
Sat, May 21 2011,0300,321,12.5,469,8.7,790,10.3
Sat, May 21 2011,0400,223,15.7,216,9.7,439,12.8
Sat, May 21 2011,0500,235,14.5,238,14.7,473,14.6
Sat, May 21 2011,0600,502,10,282,17.4,784,12.6
Sat, May 21 2011,0700,814,7.4,563,10.3,1377,8.6
Sat, May 21 2011,0800,903,11.7,914,20.9,1817,16.3
Sat, May 21 2011,0900,1411,10.4,1119,10.5,2530,10.4
Sat, May 21 2011,1000,1715,7.8,1701,7.2,3416,7.5
Sat, May 21 2011,1100,2160,6.9,2323,5.9,4483,6.4
Sat, May 21 2011,1200,2223,6.4,2512,5.3,4735,5.8
Sat, May 21 2011,1300,2467,5.4,2723,5.3,5190,5.3
Sat, May 21 2011,1400,2719,4.2,2867,4.9,5586,4.6
Sat, May 21 2011,1500,3052,3.3,2954,2.8,6006,3
Sat, May 21 2011,1600,3196,3.1,3342,2.7,6538,2.9
Sat, May 21 2011,1700,2957,2.9,3078,2,6035,2.4
Sat, May 21 2011,1800,2828,2.7,2844,1.9,5672,2.3
Sat, May 21 2011,1900,2608,2.4,2607,3.9,5215,3.1
Sat, May 21 2011,2000,2286,4.4,2161,2.9,4447,3.6
Sat, May 21 2011,2100,1994,3.8,1899,2.4,3893,3.1
Sat, May 21 2011,2200,1681,3.1,1813,1.9,3494,2.5
Sat, May 21 2011,2300,1056,2.5,1070,2.1,2126,2.3
Sat, May 21 2011,2400,867,2.8,887,3.3,1754,3
Sun, May 22 2011,0100,696,4.5,814,2.5,1510,3.4
Sun, May 22 2011,0200,518,4.6,734,3.3,1252,3.8
Sun, May 22 2011,0300,463,5,691,4.6,1154,4.8
Sun, May 22 2011,0400,259,5.8,364,5.8,623,5.8
Sun, May 22 2011,0500,242,4.5,224,8,466,6.2
Sun, May 22 2011,0600,450,4,299,5,749,4.4
Sun, May 22 2011,0700,596,3.4,474,4.6,1070,3.9
Sun, May 22 2011,0800,605,6.4,520,13.3,1125,9.6
Sun, May 22 2011,0900,802,5.7,649,6.6,1451,6.1
Sun, May 22 2011,1000,904,4.8,873,5,1777,4.9
Sun, May 22 2011,1100,1324,4.2,1448,3.9,2772,4
Sun, May 22 2011,1200,1556,3.3,1846,3.3,3402,3.3
Sun, May 22 2011,1300,1997,2.7,2390,2.6,4387,2.7
Sun, May 22 2011,1400,2428,2.3,2949,2.1,5377,2.2
Sun, May 22 2011,1500,2936,1.9,3038,1.9,5974,1.9
Sun, May 22 2011,1600,3180,2.7,2889,2.1,6069,2.4
Sun, May 22 2011,1700,3103,1.9,2815,2.1,5918,2
Sun, May 22 2011,1800,2766,2,2537,2.2,5303,2.1
Sun, May 22 2011,1900,2784,2.7,2574,2.6,5358,2.6
Sun, May 22 2011,2000,2809,3.2,2758,4,5567,3.6
Sun, May 22 2011,2100,2593,4.4,2402,2.5,4995,3.5
Sun, May 22 2011,2200,2027,3.1,2031,2.7,4058,2.9
Sun, May 22 2011,2300,1468,2.9,1419,3.8,2887,3.3
Sun, May 22 2011,2400,1109,3.6,1025,3.6,2134,3.6
Mon, May 23 2011,0100,691,5.5,931,3.9,1622,4.6
Mon, May 23 2011,0200,395,5.8,629,6.2,1024,6.1
Mon, May 23 2011,0300,174,11.5,284,6.7,458,8.5
Mon, May 23 2011,0400,130,22.3,158,20.3,288,21.2
Mon, May 23 2011,0500,194,18,126,27.8,320,21.9
Mon, May 23 2011,0600,506,10.7,342,18.7,848,13.9
Mon, May 23 2011,0700,1129,9,870,14.7,1999,11.5
Mon, May 23 2011,0800,1376,16.9,1907,17.9,3283,17.5
Mon, May 23 2011,0900,3200,10.5,3973,10.7,7173,10.6
Mon, May 23 2011,1000,4046,7.6,4781,7.7,8827,7.7
Mon, May 23 2011,1100,3334,11.4,3607,11.3,6941,11.3
Mon, May 23 2011,1200,2602,15.9,2465,14.9,5067,15.4
Mon, May 23 2011,1300,2578,15.9,2632,14.7,5210,15.3
Mon, May 23 2011,1400,2915,13.9,2810,12.3,5725,13.1
Mon, May 23 2011,1500,3179,12.7,2861,12.3,6040,12.5
Mon, May 23 2011,1600,3138,12.5,2838,12,5976,12.3
Mon, May 23 2011,1700,3297,11.7,3021,10.8,6318,11.3
Mon, May 23 2011,1800,4150,8,3707,8,7857,8
Mon, May 23 2011,1900,4521,4.8,3986,5.7,8507,5.2
Mon, May 23 2011,2000,3979,5.4,3111,7.3,7090,6.2
Mon, May 23 2011,2100,2802,8.4,2139,4.5,4941,6.7
Mon, May 23 2011,2200,1595,7.4,1393,5.9,2988,6.7
Mon, May 23 2011,2300,1452,6.3,1315,5.3,2767,5.8
Mon, May 23 2011,2400,960,7.7,1005,5.9,1965,6.8
Tue, May 24 2011,0100,615,8.1,908,7.8,1523,7.9
Tue, May 24 2011,0200,332,14.5,540,6.3,872,9.4
Tue, May 24 2011,0300,207,20.3,397,11.3,604,14.4
Tue, May 24 2011,0400,136,20.6,194,15.5,330,17.6
Tue, May 24 2011,0500,163,26.4,123,30.9,286,28.3
Tue, May 24 2011,0600,474,10.5,249,26.1,723,15.9
Tue, May 24 2011,0700,1040,11.2,721,18,1761,14
Tue, May 24 2011,0800,1318,20.6,1754,21.7,3072,21.2
Tue, May 24 2011,0900,3064,12.3,4057,11,7121,11.5
Tue, May 24 2011,1000,4097,8.3,4766,8.9,8863,8.6
Tue, May 24 2011,1100,3120,11.6,3536,11.5,6656,11.5
Tue, May 24 2011,1200,2499,13.8,2769,14.3,5268,14.1
Tue, May 24 2011,1300,2486,15.8,2668,13.5,5154,14.6
Tue, May 24 2011,1400,2669,15.2,2651,14.9,5320,15.1
Tue, May 24 2011,1500,2818,13,2680,13.9,5498,13.4
Tue, May 24 2011,1600,3057,12.3,2944,13,6001,12.6
Tue, May 24 2011,1700,3229,11.7,3118,10.3,6347,11
Tue, May 24 2011,1800,4239,8.3,3687,8.2,7926,8.2
Tue, May 24 2011,1900,4874,5.1,4021,5.8,8895,5.4
Tue, May 24 2011,2000,3840,5.7,3071,6.4,6911,6
Tue, May 24 2011,2100,2481,7.8,2048,4.5,4529,6.3
Tue, May 24 2011,2200,1558,8.3,1681,5.8,3239,7
Tue, May 24 2011,2300,1399,5.1,1441,5.8,2840,5.5
Tue, May 24 2011,2400,1021,7.8,1229,6.1,2250,6.9
Wed, May 25 2011,0100,612,7.5,930,6.9,1542,7.1
Wed, May 25 2011,0200,374,12.6,383,13.8,757,13.2
Wed, May 25 2011,0300,170,18.8,437,16.7,607,17.3
Wed, May 25 2011,0400,110,26.4,97,28.9,207,27.5
Wed, May 25 2011,0500,169,23.1,144,23.6,313,23.3
Wed, May 25 2011,0600,407,12.3,236,24.6,643,16.8
Wed, May 25 2011,0700,881,12.4,655,18.3,1536,14.9
Wed, May 25 2011,0800,1351,17,1605,15.3,2956,16.1
Wed, May 25 2011,0900,3193,10.5,3836,14.3,7029,12.6
Wed, May 25 2011,1000,4002,8.2,3402,9.1,7404,8.6
Wed, May 25 2011,1100,3052,11.2,3975,9.3,7027,10.1
Wed, May 25 2011,1200,2517,14.8,2706,13.3,5223,14.1
Wed, May 25 2011,1300,2552,16.8,2527,13.5,5079,15.2
Wed, May 25 2011,1400,2691,14,2962,14.8,5653,14.4
Wed, May 25 2011,1500,3000,13.6,2803,13.2,5803,13.4
Wed, May 25 2011,1600,3025,13.5,2946,11.8,5971,12.7
Wed, May 25 2011,1700,3334,11.1,3201,10.9,6535,11
Wed, May 25 2011,1800,4195,8.1,3661,7.6,7856,7.8
Wed, May 25 2011,1900,4872,4.7,4094,5.8,8966,5.2
Wed, May 25 2011,2000,4052,5.5,3253,6.5,7305,5.9
Wed, May 25 2011,2100,2558,7,2198,5.3,4756,6.2
Wed, May 25 2011,2200,1904,5.7,1703,5.8,3607,5.7
Wed, May 25 2011,2300,1700,4.9,1535,3.9,3235,4.4
Wed, May 25 2011,2400,1106,5.4,1355,5.5,2461,5.5
Thu, May 26 2011,0100,683,7.3,908,6.5,1591,6.9
Thu, May 26 2011,0200,342,11.4,502,8.8,844,9.8
Thu, May 26 2011,0300,166,21.7,238,13.4,404,16.8
Thu, May 26 2011,0400,148,23,133,28.6,281,25.6
Thu, May 26 2011,0500,197,24.4,137,21.9,334,23.4
Thu, May 26 2011,0600,426,10.1,306,20.3,732,14.3
Thu, May 26 2011,0700,848,13.6,647,21.2,1495,16.9
Thu, May 26 2011,0800,1299,19.6,1648,23.1,2947,21.5
Thu, May 26 2011,0900,3057,10.7,3961,11.9,7018,11.4
Thu, May 26 2011,1000,4048,8.1,4736,7.7,8784,7.9
Thu, May 26 2011,1100,3222,10.9,3604,10.6,6826,10.8
Thu, May 26 2011,1200,2578,14.4,2859,12,5437,13.1
Thu, May 26 2011,1300,2630,14.6,2762,13.5,5392,14
Thu, May 26 2011,1400,2697,15.6,2847,13.8,5544,14.7
Thu, May 26 2011,1500,2961,12.2,2742,11.8,5703,12
Thu, May 26 2011,1600,3156,13.8,3021,12.1,6177,13
Thu, May 26 2011,1700,3452,11.5,3393,10.6,6845,11
Thu, May 26 2011,1800,4154,7.4,3780,7.7,7934,7.5
Thu, May 26 2011,1900,4724,4.8,4134,5.5,8858,5.1
Thu, May 26 2011,2000,3921,4.5,3281,5.9,7202,5.1
Thu, May 26 2011,2100,2609,6.3,2368,4.9,4977,5.6
Thu, May 26 2011,2200,2024,5.6,1709,5.3,3733,5.5
Thu, May 26 2011,2300,1813,4.4,1609,4.1,3422,4.2
Thu, May 26 2011,2400,1167,5.1,1347,3.7,2514,4.3
Fri, May 27 2011,0100,821,6.8,929,6.2,1750,6.5
Fri, May 27 2011,0200,451,11.5,670,8.1,1121,9.5
Fri, May 27 2011,0300,213,19.2,415,11.8,628,14.3
Fri, May 27 2011,0400,150,13.3,144,26.4,294,19.7
Fri, May 27 2011,0500,206,23.3,162,30.9,368,26.6
Fri, May 27 2011,0600,441,10.7,306,21.9,747,15.3
Fri, May 27 2011,0700,894,13.8,710,17.9,1604,15.6
Fri, May 27 2011,0800,1328,20.6,1644,21.3,2972,21
Fri, May 27 2011,0900,3052,11.9,3641,12.7,6693,12.3
Fri, May 27 2011,1000,3868,8.4,4615,8.9,8483,8.7
Fri, May 27 2011,1100,2983,12.1,3407,11.1,6390,11.6
Fri, May 27 2011,1200,2647,14.8,2842,13.8,5489,14.3
Fri, May 27 2011,1300,2853,14.2,2876,12.6,5729,13.4
Fri, May 27 2011,1400,3117,13.2,3171,13.5,6288,13.4
Fri, May 27 2011,1500,3407,12.1,3177,11.2,6584,11.7
Fri, May 27 2011,1600,3590,11.7,3500,10.5,7090,11.1
Fri, May 27 2011,1700,3883,9.3,3877,9,7760,9.2
Fri, May 27 2011,1800,4393,7.2,4028,6.8,8421,7
Fri, May 27 2011,1900,4547,4.6,3927,6.4,8474,5.5
Fri, May 27 2011,2000,3821,4.8,3222,5.6,7043,5.2
Fri, May 27 2011,2100,2872,5.2,2480,3.8,5352,4.5
Fri, May 27 2011,2200,2095,5.8,2003,4,4098,4.9
Fri, May 27 2011,2300,1791,5.8,1729,5.1,3520,5.5
Fri, May 27 2011,2400,1224,5.4,1249,4.2,2473,4.8
Sat, May 28 2011,0100,811,7,1124,5.2,1935,5.9
Sat, May 28 2011,0200,519,8.1,624,5.9,1143,6.9
Sat, May 28 2011,0300,324,10.5,464,8,788,9
Sat, May 28 2011,0400,247,13.4,222,11.7,469,12.6
Sat, May 28 2011,0500,283,12.7,230,14.8,513,13.6
Sat, May 28 2011,0600,469,7.2,268,15.7,737,10.3
Sat, May 28 2011,0700,737,7.2,544,12.5,1281,9.4
Sat, May 28 2011,0800,732,12.7,834,18.7,1566,15.9
Sat, May 28 2011,0900,1316,10.3,1073,9.2,2389,9.8
Sat, May 28 2011,1000,1633,7.7,1835,6.5,3468,7
Sat, May 28 2011,1100,2173,6.1,2334,6,4507,6.1
Sat, May 28 2011,1200,2367,4.5,2585,4.7,4952,4.6
Sat, May 28 2011,1300,2636,4.9,3093,3.8,5729,4.3
Sat, May 28 2011,1400,3079,4.2,3175,4.4,6254,4.3
Sat, May 28 2011,1500,3351,3.7,3207,3.4,6558,3.6
Sat, May 28 2011,1600,3420,3,3204,2.7,6624,2.8
Sat, May 28 2011,1700,3202,2.8,2944,2.2,6146,2.5
Sat, May 28 2011,1800,3030,2.5,2755,2.8,5785,2.7
Sat, May 28 2011,1900,2641,2.7,2728,3.6,5369,3.1
Sat, May 28 2011,2000,2389,3.1,2300,3.6,4689,3.3
Sat, May 28 2011,2100,1995,3.6,1995,2.6,3990,3.1
Sat, May 28 2011,2200,1211,3.5,1361,3.2,2572,3.3
Sat, May 28 2011,2300,850,3.8,975,3.9,1825,3.8
Sat, May 28 2011,2400,903,3.2,953,2.4,1856,2.8
Sun, May 29 2011,0100,667,3.9,1045,2.7,1712,3.2
Sun, May 29 2011,0200,578,4,910,4.4,1488,4.2
Sun, May 29 2011,0300,406,4.9,809,4.1,1215,4.4
Sun, May 29 2011,0400,316,6.6,381,10,697,8.5
Sun, May 29 2011,0500,306,5.6,274,8,580,6.7
Sun, May 29 2011,0600,425,5.4,311,9,736,6.9
Sun, May 29 2011,0700,590,3.7,435,5.1,1025,4.3
Sun, May 29 2011,0800,553,5.2,569,17,1122,11.2
Sun, May 29 2011,0900,728,5.8,674,7.7,1402,6.7
Sun, May 29 2011,1000,800,5.4,955,4.3,1755,4.8
Sun, May 29 2011,1100,1200,4.8,1311,3.9,2511,4.3
Sun, May 29 2011,1200,1500,3.7,1812,3,3312,3.3
Sun, May 29 2011,1300,2007,2.6,2333,1.8,4340,2.1
Sun, May 29 2011,1400,2704,2.3,2850,1.5,5554,1.9
Sun, May 29 2011,1500,3087,1.5,3120,1.6,6207,1.5
Sun, May 29 2011,1600,3141,1.7,2985,1.8,6126,1.7
Sun, May 29 2011,1700,2967,1.6,2941,1.3,5908,1.4
Sun, May 29 2011,1800,2937,1.7,2745,2,5682,1.8
Sun, May 29 2011,1900,2795,1.7,2903,3.3,5698,2.5
Sun, May 29 2011,2000,2821,2.8,2712,2.7,5533,2.8
Sun, May 29 2011,2100,2357,3.5,2216,2.2,4573,2.9
Sun, May 29 2011,2200,1786,3,1897,2.8,3683,2.9
Sun, May 29 2011,2300,1418,2.3,1476,3.2,2894,2.8
Sun, May 29 2011,2400,956,3.2,1067,3.4,2023,3.3
Mon, May 30 2011,0100,697,3.3,843,4,1540,3.7
Mon, May 30 2011,0200,373,6.2,479,10.4,852,8.6
Mon, May 30 2011,0300,128,12.5,279,8.6,407,9.8
Mon, May 30 2011,0400,114,21.9,111,21.6,225,21.8
Mon, May 30 2011,0500,181,21.5,104,30.8,285,24.9
Mon, May 30 2011,0600,416,11.8,278,22.7,694,16.1
Mon, May 30 2011,0700,881,11.4,790,17.2,1671,14.1
Mon, May 30 2011,0800,1272,18.3,1693,19.7,2965,19.1
Mon, May 30 2011,0900,2903,11.1,3953,10.9,6856,11
Mon, May 30 2011,1000,3852,8.3,4844,8.1,8696,8.2
Mon, May 30 2011,1100,2895,13.8,3348,11.8,6243,12.7
Mon, May 30 2011,1200,2487,15.8,2715,15,5202,15.4
Mon, May 30 2011,1300,2653,14.8,2727,15.3,5380,15
Mon, May 30 2011,1400,2780,15.8,2696,14.7,5476,15.2
Mon, May 30 2011,1500,2941,13.9,2830,12.5,5771,13.2
Mon, May 30 2011,1600,3045,13.7,2882,12.6,5927,13.2
Mon, May 30 2011,1700,3202,12.6,2981,12.6,6183,12.6
Mon, May 30 2011,1800,4123,8.1,3522,8.1,7645,8.1
Mon, May 30 2011,1900,4927,5.3,3905,7.1,8832,6.1
Mon, May 30 2011,2000,3928,5.7,2876,5.4,6804,5.6
Mon, May 30 2011,2100,2279,7.9,1927,5.2,4206,6.7
Mon, May 30 2011,2200,1603,6.8,1481,5.1,3084,6
Mon, May 30 2011,2300,1331,5.5,1311,4,2642,4.8
Mon, May 30 2011,2400,1030,5.7,1142,4.3,2172,5
Tue, May 31 2011,0100,605,7.8,785,7.4,1390,7.6
Tue, May 31 2011,0200,320,14.7,390,10.3,710,12.3
Tue, May 31 2011,0300,149,26.2,233,17.2,382,20.7
Tue, May 31 2011,0400,132,18.2,109,24.8,241,21.2
Tue, May 31 2011,0500,184,20.7,137,29.2,321,24.3
Tue, May 31 2011,0600,438,11.9,266,18.8,704,14.5
Tue, May 31 2011,0700,963,11,771,18,1734,14.1
Tue, May 31 2011,0800,1301,17.4,1614,17.6,2915,17.5
Tue, May 31 2011,0900,3111,11,4117,9.4,7228,10.1
Tue, May 31 2011,1000,4014,7.6,4888,7.3,8902,7.5
Tue, May 31 2011,1100,3160,11.3,3647,10.1,6807,10.7
Tue, May 31 2011,1200,2561,14.4,2767,12.6,5328,13.5
Tue, May 31 2011,1300,2505,15.1,2793,13.7,5298,14.4
Tue, May 31 2011,1400,2786,14.5,2633,14.4,5419,14.4
Tue, May 31 2011,1500,2892,12.3,2715,13.3,5607,12.8
Tue, May 31 2011,1600,3054,12.9,2841,11.9,5895,12.4
Tue, May 31 2011,1700,3215,11.6,3241,10.6,6456,11.1
Tue, May 31 2011,1800,4103,8.1,3662,8,7765,8
Tue, May 31 2011,1900,4915,5.1,3993,6.1,8908,5.5
Tue, May 31 2011,2000,4025,4.6,3156,5.5,7181,5
Tue, May 31 2011,2100,2460,6.5,2103,4.3,4563,5.5
Tue, May 31 2011,2200,1758,7.1,1681,4.3,3439,5.7
Tue, May 31 2011,2300,1409,4.9,1361,5.6,2770,5.2
Tue, May 31 2011,2400,1036,4.6,1179,4.8,2215,4.7
Wed, Jun 1 2011,0100,641,5.9,850,8,1491,7.1
Wed, Jun 1 2011,0200,302,14.6,358,12.8,660,13.6
Wed, Jun 1 2011,0300,168,20.2,272,13.6,440,16.1
Wed, Jun 1 2011,0400,121,14,115,29.6,236,21.6
Wed, Jun 1 2011,0500,149,28.2,126,26.2,275,27.3
Wed, Jun 1 2011,0600,431,12.3,243,22.6,674,16
Wed, Jun 1 2011,0700,895,12.4,671,19.2,1566,15.3
Wed, Jun 1 2011,0800,1379,17.1,1711,20,3090,18.7
Wed, Jun 1 2011,0900,3244,10.2,4023,10.3,7267,10.3
Wed, Jun 1 2011,1000,3980,8.2,4886,8.1,8866,8.1
Wed, Jun 1 2011,1100,3219,11.7,3701,10.1,6920,10.9
Wed, Jun 1 2011,1200,2534,14.2,2823,14.6,5357,14.4
Wed, Jun 1 2011,1300,2602,13.6,2653,13,5255,13.3
Wed, Jun 1 2011,1400,2745,14,2826,13.7,5571,13.9
Wed, Jun 1 2011,1500,2927,12.6,2886,12.2,5813,12.4
Wed, Jun 1 2011,1600,2961,12.9,3001,11.4,5962,12.2
Wed, Jun 1 2011,1700,3259,11.4,3117,11.4,6376,11.4
Wed, Jun 1 2011,1800,4164,8.6,3586,7.6,7750,8.1
Wed, Jun 1 2011,1900,4870,5.1,4130,6.8,9000,5.9
Wed, Jun 1 2011,2000,3956,5.1,3278,5.5,7234,5.3
Wed, Jun 1 2011,2100,2591,7.1,2146,4.5,4737,5.9
Wed, Jun 1 2011,2200,1869,5.9,1755,4.1,3624,5
Wed, Jun 1 2011,2300,1697,4.9,1566,4.9,3263,4.9
Wed, Jun 1 2011,2400,1127,6.1,1380,3.7,2507,4.8
Thu, Jun 2 2011,0100,671,7,824,7.2,1495,7.1
Thu, Jun 2 2011,0200,361,12.5,476,11.1,837,11.7
Thu, Jun 2 2011,0300,176,23.3,233,20.2,409,21.5
Thu, Jun 2 2011,0400,132,21.2,138,29,270,25.2
Thu, Jun 2 2011,0500,182,18.1,134,24.6,316,20.9
Thu, Jun 2 2011,0600,430,11.9,286,24.5,716,16.9
Thu, Jun 2 2011,0700,882,13.6,652,18.6,1534,15.7
Thu, Jun 2 2011,0800,1384,16.8,1672,23.5,3056,20.5
Thu, Jun 2 2011,0900,3087,11.4,3941,11,7028,11.2
Thu, Jun 2 2011,1000,4079,8.6,4895,8,8974,8.3
Thu, Jun 2 2011,1100,3157,12.4,3651,9.5,6808,10.9
Thu, Jun 2 2011,1200,2478,14.3,2934,12.7,5412,13.5
Thu, Jun 2 2011,1300,2662,15.1,2757,13.5,5419,14.3
Thu, Jun 2 2011,1400,2988,15.3,3040,13.8,6028,14.5
Thu, Jun 2 2011,1500,3039,12.9,2968,12.4,6007,12.6
Thu, Jun 2 2011,1600,3215,12,3168,12.2,6383,12.1
Thu, Jun 2 2011,1700,3491,11,3288,9.5,6779,10.3
Thu, Jun 2 2011,1800,4334,8.4,3716,7.5,8050,7.9
Thu, Jun 2 2011,1900,4952,5.1,4233,7.1,9185,6
Thu, Jun 2 2011,2000,4165,4.9,3321,6.2,7486,5.5
Thu, Jun 2 2011,2100,2720,6,2391,5.4,5111,5.7
Thu, Jun 2 2011,2200,1979,5.3,1895,5.8,3874,5.5
Thu, Jun 2 2011,2300,1772,4.6,1611,4.5,3383,4.6
Thu, Jun 2 2011,2400,1185,5.1,1330,3.9,2515,4.5
Fri, Jun 3 2011,0100,725,6.3,898,7.3,1623,6.9
Fri, Jun 3 2011,0200,413,11.1,510,9.4,923,10.2
Fri, Jun 3 2011,0300,191,15.7,297,16.2,488,16
Fri, Jun 3 2011,0400,147,18.4,133,26.3,280,22.1
Fri, Jun 3 2011,0500,211,22.7,168,22.6,379,22.7
Fri, Jun 3 2011,0600,507,11,293,21.5,800,14.9
Fri, Jun 3 2011,0700,942,13.1,739,21.2,1681,16.7
Fri, Jun 3 2011,0800,1362,19,1597,22.4,2959,20.9
Fri, Jun 3 2011,0900,2916,11.8,3494,11.2,6410,11.5
Fri, Jun 3 2011,1000,3678,9.5,4634,9.1,8312,9.3
Fri, Jun 3 2011,1100,3118,13.1,3472,12.5,6590,12.8
Fri, Jun 3 2011,1200,2627,15,3104,12.9,5731,13.8
Fri, Jun 3 2011,1300,3071,13.9,3223,13.3,6294,13.6
Fri, Jun 3 2011,1400,3411,11.6,3441,12.1,6852,11.9
Fri, Jun 3 2011,1500,3715,11.3,3504,10.9,7219,11.1
Fri, Jun 3 2011,1600,3879,10.3,3566,8.5,7445,9.4
Fri, Jun 3 2011,1700,4153,9.1,4032,7.6,8185,8.4
Fri, Jun 3 2011,1800,4554,6.9,4089,7.4,8643,7.2
Fri, Jun 3 2011,1900,4451,5.4,3978,6.2,8429,5.8
Fri, Jun 3 2011,2000,3264,5,3063,5.8,6327,5.4
Fri, Jun 3 2011,2100,2556,5.4,2635,4.8,5191,5.1
Fri, Jun 3 2011,2200,2002,5.8,2080,3,4082,4.4
Fri, Jun 3 2011,2300,1675,5.6,1622,3.5,3297,4.5
Fri, Jun 3 2011,2400,1194,4.8,1227,4.4,2421,4.6
Sat, Jun 4 2011,0100,777,6.9,1035,4.6,1812,5.6
Sat, Jun 4 2011,0200,537,9.7,617,9.6,1154,9.6
Sat, Jun 4 2011,0300,306,10.5,380,8.7,686,9.5
Sat, Jun 4 2011,0400,215,17.7,224,13.4,439,15.5
Sat, Jun 4 2011,0500,301,14,234,13.2,535,13.6
Sat, Jun 4 2011,0600,484,8.7,306,14.4,790,10.9
Sat, Jun 4 2011,0700,704,6.5,539,13.4,1243,9.5
Sat, Jun 4 2011,0800,765,11.5,833,21.8,1598,16.9
Sat, Jun 4 2011,0900,1210,11.7,1093,13.1,2303,12.3
Sat, Jun 4 2011,1000,1290,8.4,1584,8.9,2874,8.7
Sat, Jun 4 2011,1100,1888,7.2,2440,6,4328,6.5
Sat, Jun 4 2011,1200,2218,6.1,2817,5.1,5035,5.5
Sat, Jun 4 2011,1300,2748,3.6,3146,4.5,5894,4.1
Sat, Jun 4 2011,1400,3283,4.1,3279,4.1,6562,4.1
Sat, Jun 4 2011,1500,3354,3.2,3065,2.7,6419,2.9
Sat, Jun 4 2011,1600,3145,3.3,2953,2.4,6098,2.9
Sat, Jun 4 2011,1700,2727,3.2,2881,3,5608,3.1
Sat, Jun 4 2011,1800,2496,3,2681,2.3,5177,2.7
Sat, Jun 4 2011,1900,2460,3,2673,3.5,5133,3.3
Sat, Jun 4 2011,2000,2457,3.1,2380,2.5,4837,2.8
Sat, Jun 4 2011,2100,1987,4.3,1757,3.1,3744,3.7
Sat, Jun 4 2011,2200,1318,3.4,1320,3.2,2638,3.3
Sat, Jun 4 2011,2300,957,4.4,924,2.8,1881,3.6
Sat, Jun 4 2011,2400,775,4,790,2.4,1565,3.2
Sun, Jun 5 2011,0100,701,2.7,739,3.9,1440,3.3
Sun, Jun 5 2011,0200,518,5.6,586,4.4,1104,5
Sun, Jun 5 2011,0300,343,3.2,437,6.6,780,5.1
Sun, Jun 5 2011,0400,260,5.8,266,7.5,526,6.7
Sun, Jun 5 2011,0500,260,3.8,261,10.7,521,7.3
Sun, Jun 5 2011,0600,448,4.9,306,4.6,754,4.8
Sun, Jun 5 2011,0700,631,1.9,484,6.4,1115,3.9
Sun, Jun 5 2011,0800,560,6.8,526,10.6,1086,8.7
Sun, Jun 5 2011,0900,731,5.1,644,8.2,1375,6.5
Sun, Jun 5 2011,1000,809,3.3,731,4.4,1540,3.8
Sun, Jun 5 2011,1100,1005,4.3,1254,3.5,2259,3.9
Sun, Jun 5 2011,1200,1245,2.9,1782,2.2,3027,2.5
Sun, Jun 5 2011,1300,1849,2.8,2204,2,4053,2.4
Sun, Jun 5 2011,1400,2552,1.9,2633,1.3,5185,1.6
Sun, Jun 5 2011,1500,2877,2.1,2914,1.3,5791,1.7
Sun, Jun 5 2011,1600,3060,2.1,2760,1.4,5820,1.8
Sun, Jun 5 2011,1700,2822,1.6,2574,1,5396,1.3
Sun, Jun 5 2011,1800,2630,1.9,2355,1.4,4985,1.7
Sun, Jun 5 2011,1900,2534,1.8,2218,2.6,4752,2.2
Sun, Jun 5 2011,2000,2483,3.3,2137,1.9,4620,2.6
Sun, Jun 5 2011,2100,2051,4.3,1808,2.2,3859,3.3
Sun, Jun 5 2011,2200,1529,3.3,1549,2.2,3078,2.7
Sun, Jun 5 2011,2300,1276,2.3,1134,2.2,2410,2.2
Sun, Jun 5 2011,2400,834,3.5,838,2,1672,2.8
Mon, Jun 6 2011,0100,650,3.1,799,2.9,1449,3
Mon, Jun 6 2011,0200,421,4.8,556,6.3,977,5.6
Mon, Jun 6 2011,0300,255,7.8,332,4.2,587,5.8
Mon, Jun 6 2011,0400,185,8.1,174,6.9,359,7.5
Mon, Jun 6 2011,0500,222,7.2,181,11,403,8.9
Mon, Jun 6 2011,0600,505,7.9,292,12.3,797,9.5
Mon, Jun 6 2011,0700,790,3.9,570,6.8,1360,5.1
Mon, Jun 6 2011,0800,651,8.8,672,16.5,1323,12.7
Mon, Jun 6 2011,0900,948,8.1,838,12.2,1786,10
Mon, Jun 6 2011,1000,966,8,997,9.9,1963,9
Mon, Jun 6 2011,1100,1105,6.4,1300,7.5,2405,7
Mon, Jun 6 2011,1200,1543,4.8,1886,4.3,3429,4.5
Mon, Jun 6 2011,1300,2147,3.4,2420,5,4567,4.3
Mon, Jun 6 2011,1400,2850,3.6,2709,3.1,5559,3.4
Mon, Jun 6 2011,1500,3185,2.7,3008,3.1,6193,2.9
Mon, Jun 6 2011,1600,3165,3.3,2894,2.5,6059,2.9
Mon, Jun 6 2011,1700,3157,2.7,2932,2.4,6089,2.5
Mon, Jun 6 2011,1800,3161,2.8,2711,2.2,5872,2.5
Mon, Jun 6 2011,1900,2992,2.3,2696,3.3,5688,2.7
Mon, Jun 6 2011,2000,2893,2.8,2595,2.5,5488,2.6
Mon, Jun 6 2011,2100,2276,3.6,2085,2.9,4361,3.3
Mon, Jun 6 2011,2200,1922,2.9,1703,3.4,3625,3.1
Mon, Jun 6 2011,2300,1443,3.9,1302,2.4,2745,3.2
Mon, Jun 6 2011,2400,938,4.5,1039,3.3,1977,3.8
Tue, Jun 7 2011,0100,570,4.6,839,4.3,1409,4.4
Tue, Jun 7 2011,0200,335,6.6,505,6.3,840,6.4
Tue, Jun 7 2011,0300,173,12.7,241,17.4,414,15.5
Tue, Jun 7 2011,0400,118,16.9,140,17.1,258,17.1
Tue, Jun 7 2011,0500,148,20.3,123,26.8,271,23.2
Tue, Jun 7 2011,0600,418,9.3,239,27.6,657,16
Tue, Jun 7 2011,0700,952,10,706,23.1,1658,15.6
Tue, Jun 7 2011,0800,1337,18.8,1683,20.9,3020,20
Tue, Jun 7 2011,0900,2953,10.5,3918,12.1,6871,11.4
Tue, Jun 7 2011,1000,3862,8.3,4784,9.6,8646,9.1
Tue, Jun 7 2011,1100,3084,12.6,3443,10.5,6527,11.5
Tue, Jun 7 2011,1200,2664,14.5,2769,16.1,5433,15.3
Tue, Jun 7 2011,1300,2485,15.5,2714,15,5199,15.3
Tue, Jun 7 2011,1400,2746,15.7,2888,14.1,5634,14.9
Tue, Jun 7 2011,1500,3127,12.9,2777,12.4,5904,12.7
Tue, Jun 7 2011,1600,3211,14,3063,11.3,6274,12.7
Tue, Jun 7 2011,1700,3189,10.8,3288,11,6477,10.9
Tue, Jun 7 2011,1800,3986,8.8,3539,9.2,7525,9
Tue, Jun 7 2011,1900,4851,5.5,3832,6.6,8683,6
Tue, Jun 7 2011,2000,3940,5.7,3061,6.2,7001,5.9
Tue, Jun 7 2011,2100,2465,8.6,2244,5.3,4709,7
Tue, Jun 7 2011,2200,1717,8,1594,5.7,3311,6.9
Tue, Jun 7 2011,2300,1401,5.8,1234,6.2,2635,6
Tue, Jun 7 2011,2400,995,6.6,1061,5.7,2056,6.2
Wed, Jun 8 2011,0100,631,9.8,732,8.3,1363,9
Wed, Jun 8 2011,0200,264,18.6,365,14.2,629,16.1
Wed, Jun 8 2011,0300,147,25.9,258,27.1,405,26.7
Wed, Jun 8 2011,0400,119,24.4,137,29.2,256,27
Wed, Jun 8 2011,0500,171,28.7,118,25.4,289,27.3
Wed, Jun 8 2011,0600,408,15.4,287,25.1,695,19.4
Wed, Jun 8 2011,0700,891,11.8,626,17.9,1517,14.3
Wed, Jun 8 2011,0800,1354,18.5,1738,21.7,3092,20.3
Wed, Jun 8 2011,0900,3126,11.8,3783,11.8,6909,11.8
Wed, Jun 8 2011,1000,4025,8.9,4909,8.9,8934,8.9
Wed, Jun 8 2011,1100,3072,11.8,3470,11.5,6542,11.7
Wed, Jun 8 2011,1200,2474,15.4,2680,13,5154,14.1
Wed, Jun 8 2011,1300,2507,15.5,2680,15,5187,15.2
Wed, Jun 8 2011,1400,2749,15.4,2782,14.1,5531,14.7
Wed, Jun 8 2011,1500,2843,14.1,2797,13.2,5640,13.6
Wed, Jun 8 2011,1600,2950,12.6,2949,11.4,5899,12
Wed, Jun 8 2011,1700,3160,11.4,3029,11.7,6189,11.6
Wed, Jun 8 2011,1800,4073,7.9,3652,8.4,7725,8.1
Wed, Jun 8 2011,1900,4931,6.1,4088,7.3,9019,6.7
Wed, Jun 8 2011,2000,3926,5.9,3019,7.2,6945,6.5
Wed, Jun 8 2011,2100,2434,7,2186,4.9,4620,6
Wed, Jun 8 2011,2200,1731,6.5,1655,4.7,3386,5.6
Wed, Jun 8 2011,2300,1519,5.5,1493,5,3012,5.2
Wed, Jun 8 2011,2400,1054,6.5,1225,3.5,2279,4.9
Thu, Jun 9 2011,0100,663,8.3,774,5.7,1437,6.9
Thu, Jun 9 2011,0200,330,14.2,437,11.9,767,12.9
Thu, Jun 9 2011,0300,165,15.2,260,15,425,15.1
Thu, Jun 9 2011,0400,134,22.4,105,23.8,239,23
Thu, Jun 9 2011,0500,188,17,193,20.2,381,18.6
Thu, Jun 9 2011,0600,433,10.9,275,23.6,708,15.8
Thu, Jun 9 2011,0700,905,13.4,670,19.4,1575,15.9
Thu, Jun 9 2011,0800,1336,20,1730,21.5,3066,20.8
Thu, Jun 9 2011,0900,3060,11.3,3748,10.2,6808,10.7
Thu, Jun 9 2011,1000,3914,8.4,4847,8.6,8761,8.5
Thu, Jun 9 2011,1100,3030,12.2,3655,10.3,6685,11.2
Thu, Jun 9 2011,1200,2598,15.2,2774,13.8,5372,14.5
Thu, Jun 9 2011,1300,2495,15.3,2765,14.4,5260,14.8
Thu, Jun 9 2011,1400,2924,14.6,2778,14.5,5702,14.6
Thu, Jun 9 2011,1500,2970,13.8,2841,13,5811,13.4
Thu, Jun 9 2011,1600,3188,12.9,3088,11.4,6276,12.2
Thu, Jun 9 2011,1700,3323,11.6,3278,11.7,6601,11.6
Thu, Jun 9 2011,1800,4144,8.3,3699,8.5,7843,8.4
Thu, Jun 9 2011,1900,4629,6,4184,6.7,8813,6.4
Thu, Jun 9 2011,2000,3992,5.3,3217,6.8,7209,6
Thu, Jun 9 2011,2100,2575,6.4,2438,5.1,5013,5.8
Thu, Jun 9 2011,2200,1840,5.9,1714,5.5,3554,5.7
Thu, Jun 9 2011,2300,1746,5.2,1471,4.9,3217,5.1
Thu, Jun 9 2011,2400,1123,5.4,1293,4.1,2416,4.7
Fri, Jun 10 2011,0100,776,6.8,865,5.5,1641,6.2
Fri, Jun 10 2011,0200,392,13.8,562,7.1,954,9.9
Fri, Jun 10 2011,0300,191,20.9,289,19,480,19.8
Fri, Jun 10 2011,0400,142,26.1,131,31.3,273,28.6
Fri, Jun 10 2011,0500,202,18.3,156,26.3,358,21.8
Fri, Jun 10 2011,0600,442,12,280,21.1,722,15.5
Fri, Jun 10 2011,0700,889,15.2,703,23,1592,18.7
Fri, Jun 10 2011,0800,1334,21.4,1675,24.4,3009,23.1
Fri, Jun 10 2011,0900,2964,12.3,3698,13.1,6662,12.7
Fri, Jun 10 2011,1000,3906,9.2,4551,9,8457,9.1
Fri, Jun 10 2011,1100,3000,12.3,3545,11.8,6545,12
Fri, Jun 10 2011,1200,2595,15.1,2852,12.9,5447,13.9
Fri, Jun 10 2011,1300,2706,15.1,2928,13.1,5634,14.1
Fri, Jun 10 2011,1400,3052,14.6,3169,13.2,6221,13.9
Fri, Jun 10 2011,1500,3273,12.4,3105,12.4,6378,12.4
Fri, Jun 10 2011,1600,3489,11.1,3571,11.4,7060,11.3
Fri, Jun 10 2011,1700,3979,10.7,3792,8.8,7771,9.8
Fri, Jun 10 2011,1800,4342,8.2,3891,7.9,8233,8
Fri, Jun 10 2011,1900,4596,5.3,4004,6.8,8600,6
Fri, Jun 10 2011,2000,3594,5.8,3113,6.5,6707,6.1
Fri, Jun 10 2011,2100,2576,5.8,2372,4.9,4948,5.4
Fri, Jun 10 2011,2200,1973,6.1,1789,4.1,3762,5.1
Fri, Jun 10 2011,2300,1552,5.5,1557,3.7,3109,4.6
Fri, Jun 10 2011,2400,1076,6.4,1096,5.1,2172,5.8
Sat, Jun 11 2011,0100,752,6.4,1021,5.7,1773,6
Sat, Jun 11 2011,0200,480,10.8,594,7.6,1074,9
Sat, Jun 11 2011,0300,317,14.2,468,13.9,785,14
Sat, Jun 11 2011,0400,251,14.7,208,9.1,459,12.2
Sat, Jun 11 2011,0500,287,13.9,284,15.1,571,14.5
Sat, Jun 11 2011,0600,473,7.4,306,18.6,779,11.8
Sat, Jun 11 2011,0700,654,8.4,478,13.4,1132,10.5
Sat, Jun 11 2011,0800,789,13.2,758,21.6,1547,17.3
Sat, Jun 11 2011,0900,1216,12.4,1117,13.7,2333,13
Sat, Jun 11 2011,1000,1548,9.5,1786,8,3334,8.7
Sat, Jun 11 2011,1100,1963,6.5,2325,6.2,4288,6.4
Sat, Jun 11 2011,1200,2149,6.3,2560,5.8,4709,6
Sat, Jun 11 2011,1300,2616,5,2930,4.9,5546,4.9
Sat, Jun 11 2011,1400,2827,4.9,3078,4.8,5905,4.9
Sat, Jun 11 2011,1500,2997,3.3,2914,3,5911,3.2
Sat, Jun 11 2011,1600,3109,2.8,3083,2.8,6192,2.8
Sat, Jun 11 2011,1700,2868,2.1,2783,2.7,5651,2.4
Sat, Jun 11 2011,1800,2703,2.7,2586,2.5,5289,2.6
Sat, Jun 11 2011,1900,2680,2.4,2748,3.6,5428,3
Sat, Jun 11 2011,2000,2445,3.1,2407,2.9,4852,3
Sat, Jun 11 2011,2100,1909,2.7,1885,2.7,3794,2.7
Sat, Jun 11 2011,2200,1479,2.8,1508,2.9,2987,2.8
Sat, Jun 11 2011,2300,1087,3.2,989,2.8,2076,3
Sat, Jun 11 2011,2400,841,3.4,892,2.6,1733,3
Sun, Jun 12 2011,0100,746,2.5,793,3.2,1539,2.9
Sun, Jun 12 2011,0200,555,4.1,682,3.2,1237,3.6
Sun, Jun 12 2011,0300,327,5.5,511,6.7,838,6.2
Sun, Jun 12 2011,0400,234,7.3,253,7.5,487,7.4
Sun, Jun 12 2011,0500,257,6.2,231,6.9,488,6.6
Sun, Jun 12 2011,0600,466,3.9,304,6.9,770,5.1
Sun, Jun 12 2011,0700,581,2.9,487,4.3,1068,3.6
Sun, Jun 12 2011,0800,590,4.9,581,11,1171,7.9
Sun, Jun 12 2011,0900,792,4.5,699,6.2,1491,5.3
Sun, Jun 12 2011,1000,860,6,928,4.2,1788,5.1
Sun, Jun 12 2011,1100,1084,4.6,1256,4.4,2340,4.5
Sun, Jun 12 2011,1200,1363,4.4,1757,3,3120,3.6
Sun, Jun 12 2011,1300,1833,3.4,2104,3,3937,3.2
Sun, Jun 12 2011,1400,2278,2.6,2611,2,4889,2.2
Sun, Jun 12 2011,1500,2959,3.3,3177,2.2,6136,2.7
Sun, Jun 12 2011,1600,3098,2.3,2938,1.6,6036,2
Sun, Jun 12 2011,1700,2857,2.3,2562,2.2,5419,2.2
Sun, Jun 12 2011,1800,2587,2.1,2396,1.7,4983,1.9
Sun, Jun 12 2011,1900,2681,2.6,2266,3.5,4947,3
Sun, Jun 12 2011,2000,2951,3.6,2271,3.3,5222,3.5
Sun, Jun 12 2011,2100,2289,5.9,2015,2.5,4304,4.3
Sun, Jun 12 2011,2200,1778,4,1576,2.4,3354,3.2
Sun, Jun 12 2011,2300,1370,2.8,1240,2.7,2610,2.7
Sun, Jun 12 2011,2400,935,2.5,902,1.6,1837,2
Mon, Jun 13 2011,0100,588,4.1,856,3.5,1444,3.7
Mon, Jun 13 2011,0200,393,4.8,512,9.4,905,7.4
Mon, Jun 13 2011,0300,166,14.5,282,7.4,448,10
Mon, Jun 13 2011,0400,115,22.6,103,16.5,218,19.7
Mon, Jun 13 2011,0500,185,14.1,151,27.8,336,20.2
Mon, Jun 13 2011,0600,467,10.9,253,22.5,720,15
Mon, Jun 13 2011,0700,967,9.7,739,17.9,1706,13.2
Mon, Jun 13 2011,0800,1385,17.5,1727,17.7,3112,17.6
Mon, Jun 13 2011,0900,3195,10.8,3937,11.1,7132,11
Mon, Jun 13 2011,1000,3989,8.5,4971,8.3,8960,8.4
Mon, Jun 13 2011,1100,3022,12.7,3525,11,6547,11.8
Mon, Jun 13 2011,1200,2389,15.4,2780,14.9,5169,15.2
Mon, Jun 13 2011,1300,2420,16.5,2701,15.3,5121,15.9
Mon, Jun 13 2011,1400,2683,15.4,2664,15.8,5347,15.6
Mon, Jun 13 2011,1500,2959,13.9,2757,12.5,5716,13.2
Mon, Jun 13 2011,1600,2967,15,2902,13.3,5869,14.1
Mon, Jun 13 2011,1700,3224,12.4,3071,12.4,6295,12.4
Mon, Jun 13 2011,1800,4037,9.5,3489,8.8,7526,9.1
Mon, Jun 13 2011,1900,4763,5.1,3905,7.4,8668,6.1
Mon, Jun 13 2011,2000,3791,5.6,2944,6.9,6735,6.1
Mon, Jun 13 2011,2100,2274,7.5,2036,6,4310,6.8
Mon, Jun 13 2011,2200,1621,5.5,1510,5.1,3131,5.3
Mon, Jun 13 2011,2300,1261,6.1,1348,4.5,2609,5.3
Mon, Jun 13 2011,2400,1021,5.3,1126,4.6,2147,4.9
Tue, Jun 14 2011,0100,599,8.5,792,5.7,1391,6.9
Tue, Jun 14 2011,0200,313,11.2,376,11.4,689,11.3
Tue, Jun 14 2011,0300,156,19.9,252,17.9,408,18.6
Tue, Jun 14 2011,0400,100,23,108,22.2,208,22.6
Tue, Jun 14 2011,0500,162,18.5,107,30.8,269,23.4
Tue, Jun 14 2011,0600,477,9.9,292,23.6,769,15.1
Tue, Jun 14 2011,0700,992,11.4,669,18.7,1661,14.3
Tue, Jun 14 2011,0800,1315,19.4,1699,20.2,3014,19.9
Tue, Jun 14 2011,0900,3119,10.5,3931,11,7050,10.8
Tue, Jun 14 2011,1000,3966,9.4,4903,7.7,8869,8.4
Tue, Jun 14 2011,1100,3159,11.9,3725,11,6884,11.4
Tue, Jun 14 2011,1200,2584,14.9,2832,13.1,5416,14
Tue, Jun 14 2011,1300,2496,15.1,2643,14.8,5139,14.9
Tue, Jun 14 2011,1400,2756,15.7,2646,15,5402,15.3
Tue, Jun 14 2011,1500,3049,13.8,2795,14.3,5844,14
Tue, Jun 14 2011,1600,3007,12.2,2929,13,5936,12.6
Tue, Jun 14 2011,1700,3240,12.4,3170,11.2,6410,11.8
Tue, Jun 14 2011,1800,4107,9.7,3646,8.3,7753,9.1
Tue, Jun 14 2011,1900,4929,5,4052,6.8,8981,5.8
Tue, Jun 14 2011,2000,3885,5.1,3162,6.5,7047,5.7
Tue, Jun 14 2011,2100,2481,7.1,2168,5.1,4649,6.2
Tue, Jun 14 2011,2200,1771,6.1,1685,4.9,3456,5.5
Tue, Jun 14 2011,2300,1456,4,1477,4.3,2933,4.1
Tue, Jun 14 2011,2400,1002,5.2,1094,4.3,2096,4.7
Wed, Jun 15 2011,0100,670,5.8,824,7.4,1494,6.7
Wed, Jun 15 2011,0200,352,14.2,520,11.3,872,12.5
Wed, Jun 15 2011,0300,156,22.4,271,22.1,427,22.2
Wed, Jun 15 2011,0400,107,24.3,116,26.7,223,25.6
Wed, Jun 15 2011,0500,159,19.5,110,28.2,269,23
Wed, Jun 15 2011,0600,421,11.9,289,21.5,710,15.8
Wed, Jun 15 2011,0700,944,12.3,689,21.3,1633,16.1
Wed, Jun 15 2011,0800,1380,18.2,1682,20.8,3062,19.6
Wed, Jun 15 2011,0900,3105,11.5,3870,11.8,6975,11.7
Wed, Jun 15 2011,1000,4001,8.9,4893,8.4,8894,8.6
Wed, Jun 15 2011,1100,3088,12.2,3609,11.4,6697,11.8
Wed, Jun 15 2011,1200,2532,15.8,2781,14,5313,14.8
Wed, Jun 15 2011,1300,2544,15.4,2809,15.8,5353,15.6
Wed, Jun 15 2011,1400,2831,15.1,2816,14.4,5647,14.8
Wed, Jun 15 2011,1500,2973,14.1,2783,12.3,5756,13.3
Wed, Jun 15 2011,1600,3044,13.4,2965,12.7,6009,13
Wed, Jun 15 2011,1700,3263,11.3,3205,11.5,6468,11.4
Wed, Jun 15 2011,1800,4060,8.3,3585,8.9,7645,8.6
Wed, Jun 15 2011,1900,4961,5.4,4194,6.2,9155,5.8
Wed, Jun 15 2011,2000,3909,5.8,3053,7.1,6962,6.4
Wed, Jun 15 2011,2100,2462,6.9,2190,5.3,4652,6.1
Wed, Jun 15 2011,2200,1862,6.2,1678,5.4,3540,5.8
Wed, Jun 15 2011,2300,1555,4.5,1560,4.7,3115,4.6
Wed, Jun 15 2011,2400,1173,5,1388,3.9,2561,4.4
Thu, Jun 16 2011,0100,700,6.6,885,6.1,1585,6.3
Thu, Jun 16 2011,0200,358,7.8,397,13.1,755,10.6
Thu, Jun 16 2011,0300,168,19,259,15.8,427,17.1
Thu, Jun 16 2011,0400,120,24.2,122,27,242,25.6
Thu, Jun 16 2011,0500,184,20.1,134,21.6,318,20.8
Thu, Jun 16 2011,0600,443,11.1,273,24.5,716,16.2
Thu, Jun 16 2011,0700,874,13.3,651,20.3,1525,16.3
Thu, Jun 16 2011,0800,1318,18.3,1710,21.9,3028,20.3
Thu, Jun 16 2011,0900,2990,11.3,3875,10.8,6865,11
Thu, Jun 16 2011,1000,3985,8.9,4872,8.4,8857,8.6
Thu, Jun 16 2011,1100,3212,12.9,3777,10.2,6989,11.5
Thu, Jun 16 2011,1200,2564,13.3,2850,13.6,5414,13.5
Thu, Jun 16 2011,1300,2509,14,2615,13.2,5124,13.6
Thu, Jun 16 2011,1400,2848,13.3,2882,14.2,5730,13.8
Thu, Jun 16 2011,1500,3049,12.7,2949,11.9,5998,12.3
Thu, Jun 16 2011,1600,3201,12.5,3057,12,6258,12.3
Thu, Jun 16 2011,1700,3235,10.6,3159,9.9,6394,10.2
Thu, Jun 16 2011,1800,4138,8.3,3760,8.1,7898,8.2
Thu, Jun 16 2011,1900,4809,4.7,4033,6.1,8842,5.4
Thu, Jun 16 2011,2000,3996,5.1,3179,5.5,7175,5.3
Thu, Jun 16 2011,2100,2623,5.8,2418,4.8,5041,5.3
Thu, Jun 16 2011,2200,1977,5.4,1682,4.1,3659,4.8
Thu, Jun 16 2011,2300,1724,4.6,1485,4.8,3209,4.7
Thu, Jun 16 2011,2400,1140,5.4,1461,3.7,2601,4.5
Fri, Jun 17 2011,0100,736,4.6,910,6.2,1646,5.5
Fri, Jun 17 2011,0200,432,13,604,6.8,1036,9.4
Fri, Jun 17 2011,0300,181,11,321,13.4,502,12.5
Fri, Jun 17 2011,0400,153,26.1,116,24.1,269,25.3
Fri, Jun 17 2011,0500,185,16.2,158,22.2,343,19
Fri, Jun 17 2011,0600,487,9.9,291,21.6,778,14.3
Fri, Jun 17 2011,0700,921,13.6,726,18.2,1647,15.6
Fri, Jun 17 2011,0800,1310,19.1,1575,21.3,2885,20.3
Fri, Jun 17 2011,0900,2901,12.4,3532,11.7,6433,12
Fri, Jun 17 2011,1000,3759,8.9,4649,8.4,8408,8.6
Fri, Jun 17 2011,1100,2996,12.2,3471,11.8,6467,12
Fri, Jun 17 2011,1200,2545,15,2908,12.6,5453,13.7
Fri, Jun 17 2011,1300,2636,14.2,3008,14.4,5644,14.3
Fri, Jun 17 2011,1400,3114,12.4,3097,12.2,6211,12.3
Fri, Jun 17 2011,1500,3376,11.3,3024,10.9,6400,11.1
Fri, Jun 17 2011,1600,3524,11.5,3450,9.7,6974,10.6
Fri, Jun 17 2011,1700,3934,8.6,3693,9,7627,8.8
Fri, Jun 17 2011,1800,4378,7,3867,7.2,8245,7.1
Fri, Jun 17 2011,1900,4597,5.1,3956,6,8553,5.5
Fri, Jun 17 2011,2000,3690,5,3253,4.7,6943,4.9
Fri, Jun 17 2011,2100,2705,6.3,2512,4.8,5217,5.6
Fri, Jun 17 2011,2200,2069,5.4,1937,3.7,4006,4.6
Fri, Jun 17 2011,2300,1695,4.3,1539,3.8,3234,4.1
Fri, Jun 17 2011,2400,1163,5,1412,3.4,2575,4.1
Sat, Jun 18 2011,0100,815,4.4,959,5,1774,4.7
Sat, Jun 18 2011,0200,568,10.6,762,4.9,1330,7.3
Sat, Jun 18 2011,0300,335,12.2,542,9.6,877,10.6
Sat, Jun 18 2011,0400,234,12.8,227,9.7,461,11.3
Sat, Jun 18 2011,0500,276,10.9,267,11.2,543,11
Sat, Jun 18 2011,0600,506,6.5,317,12.3,823,8.7
Sat, Jun 18 2011,0700,693,7.5,494,11.5,1187,9.2
Sat, Jun 18 2011,0800,758,14.2,758,22.2,1516,18.2
Sat, Jun 18 2011,0900,1327,12.2,1105,10.3,2432,11.3
Sat, Jun 18 2011,1000,1617,9.3,1673,6.9,3290,8.1
Sat, Jun 18 2011,1100,1950,7.9,2208,7,4158,7.5
Sat, Jun 18 2011,1200,2139,6.4,2437,4.7,4576,5.5
Sat, Jun 18 2011,1300,2510,4.2,2815,4.4,5325,4.3
Sat, Jun 18 2011,1400,2826,4.1,3123,4.8,5949,4.5
Sat, Jun 18 2011,1500,3176,2.7,3377,2.8,6553,2.8
Sat, Jun 18 2011,1600,3172,2.5,3292,2.6,6464,2.6
Sat, Jun 18 2011,1700,3076,2.8,3129,2.3,6205,2.6
Sat, Jun 18 2011,1800,2954,2.5,3058,2.4,6012,2.4
Sat, Jun 18 2011,1900,2726,2.6,2955,3.8,5681,3.3
Sat, Jun 18 2011,2000,2612,2.8,2448,2.9,5060,2.9
Sat, Jun 18 2011,2100,2148,3.8,1925,3.9,4073,3.9
Sat, Jun 18 2011,2200,1465,2.9,1457,3.2,2922,3
Sat, Jun 18 2011,2300,1131,2.7,1114,2.2,2245,2.5
Sat, Jun 18 2011,2400,956,3,850,2.5,1806,2.8
Sun, Jun 19 2011,0100,954,1.6,958,2.5,1912,2
Sun, Jun 19 2011,0200,812,3.1,1014,3,1826,3
Sun, Jun 19 2011,0300,388,3.6,654,4.6,1042,4.2
Sun, Jun 19 2011,0400,277,5.1,320,5,597,5
Sun, Jun 19 2011,0500,283,3.2,293,7.2,576,5.2
Sun, Jun 19 2011,0600,545,3.7,329,6.7,874,4.8
Sun, Jun 19 2011,0700,672,2.4,433,4.8,1105,3.3
Sun, Jun 19 2011,0800,582,5.5,566,10.1,1148,7.8
Sun, Jun 19 2011,0900,774,5,695,8.3,1469,6.6
Sun, Jun 19 2011,1000,902,3.9,932,5.2,1834,4.5
Sun, Jun 19 2011,1100,1265,4.3,1391,3.9,2656,4.1
Sun, Jun 19 2011,1200,1625,3,1825,2.2,3450,2.6
Sun, Jun 19 2011,1300,2250,2.7,2395,2.4,4645,2.5
Sun, Jun 19 2011,1400,2959,2,2909,1.8,5868,1.9
Sun, Jun 19 2011,1500,3399,1.9,3151,1.4,6550,1.7
Sun, Jun 19 2011,1600,3576,1.6,3101,1.5,6677,1.6
Sun, Jun 19 2011,1700,3069,1.2,3047,1.7,6116,1.5
Sun, Jun 19 2011,1800,3003,1.4,2798,1.4,5801,1.4
Sun, Jun 19 2011,1900,3054,2.1,2966,2.9,6020,2.5
Sun, Jun 19 2011,2000,2883,3,2800,2.6,5683,2.8
Sun, Jun 19 2011,2100,2455,3.6,2379,2.1,4834,2.9
Sun, Jun 19 2011,2200,1946,2.7,1952,2.2,3898,2.4
Sun, Jun 19 2011,2300,1448,1.9,1390,3.3,2838,2.6
Sun, Jun 19 2011,2400,1042,2.5,1080,2.5,2122,2.5
Mon, Jun 20 2011,0100,878,3,1145,2.4,2023,2.7
Mon, Jun 20 2011,0200,785,3.1,901,5.2,1686,4.2
Mon, Jun 20 2011,0300,277,6.9,429,5.6,706,6.1
Mon, Jun 20 2011,0400,134,12.7,178,15.2,312,14.1
Mon, Jun 20 2011,0500,183,16.4,129,19.4,312,17.6
Mon, Jun 20 2011,0600,499,7,295,19,794,11.5
Mon, Jun 20 2011,0700,1064,8.2,765,16.6,1829,11.7
Mon, Jun 20 2011,0800,1397,17.1,1731,17.4,3128,17.3
Mon, Jun 20 2011,0900,2960,10.2,3735,11.1,6695,10.7
Mon, Jun 20 2011,1000,3865,8.4,4916,8,8781,8.2
Mon, Jun 20 2011,1100,3017,12.1,3455,11.1,6472,11.5
Mon, Jun 20 2011,1200,2546,15.3,2777,13.8,5323,14.5
Mon, Jun 20 2011,1300,2554,13.7,2667,14.1,5221,13.9
Mon, Jun 20 2011,1400,2821,13.9,2753,12.7,5574,13.3
Mon, Jun 20 2011,1500,2935,12.4,2919,13.1,5854,12.7
Mon, Jun 20 2011,1600,3000,13.1,2966,12.4,5966,12.8
Mon, Jun 20 2011,1700,3237,11.9,3111,11.8,6348,11.9
Mon, Jun 20 2011,1800,4015,8.2,3463,8.3,7478,8.3
Mon, Jun 20 2011,1900,4742,5.2,3909,6.3,8651,5.7
Mon, Jun 20 2011,2000,3712,6,2888,5.6,6600,5.8
Mon, Jun 20 2011,2100,2215,7.6,1951,4.9,4166,6.3
Mon, Jun 20 2011,2200,1566,6.4,1477,5.3,3043,5.9
Mon, Jun 20 2011,2300,1190,6.7,1156,4.2,2346,5.5
Mon, Jun 20 2011,2400,983,7.2,1022,4.4,2005,5.8
