Day of Week,Date,Hour ending,Hourly volume Northbound,HCV % Northbound,Hourly volume Southbound,HCV % Southbound,Total volume,Total % HCV
Sat, Aug 6 2011,0100,375,11.7,501,9.6,876,10.5
Sat, Aug 6 2011,0200,348,12.4,399,15.3,747,13.9
Sat, Aug 6 2011,0300,322,13.4,297,21.2,619,17.1
Sat, Aug 6 2011,0400,386,11.1,254,18.5,640,14.1
Sat, Aug 6 2011,0500,655,7.2,397,10.8,1052,8.6
Sat, Aug 6 2011,0600,795,8.7,579,13.3,1374,10.6
Sat, Aug 6 2011,0700,929,12.8,862,17.1,1791,14.9
Sat, Aug 6 2011,0800,1298,10.6,1039,11.1,2337,10.8
Sat, Aug 6 2011,0900,1459,10.1,1516,8.4,2975,9.2
Sat, Aug 6 2011,1000,1819,8.9,1965,8.3,3784,8.6
Sat, Aug 6 2011,1100,2203,6.8,2306,6.1,4509,6.4
Sat, Aug 6 2011,1200,2570,4.9,2665,4.8,5235,4.9
Sat, Aug 6 2011,1300,2893,4.1,2960,4.2,5853,4.2
Sat, Aug 6 2011,1400,2982,3.8,2920,3,5902,3.4
Sat, Aug 6 2011,1500,3025,3.1,3002,2.9,6027,3
Sat, Aug 6 2011,1600,2827,3.2,2867,2.6,5694,2.9
Sat, Aug 6 2011,1700,2793,2.7,2793,2.5,5586,2.6
Sat, Aug 6 2011,1800,2576,3.1,2779,2.3,5355,2.7
Sat, Aug 6 2011,1900,2432,3.2,2453,3.1,4885,3.1
Sat, Aug 6 2011,2000,1799,4.1,1953,2.5,3752,3.3
Sat, Aug 6 2011,2100,1346,4,1542,2.9,2888,3.4
Sat, Aug 6 2011,2200,1166,3.6,1429,2.7,2595,3.1
Sat, Aug 6 2011,2300,1003,4.7,1010,3.2,2013,3.9
Sat, Aug 6 2011,2400,827,3.3,818,3.9,1645,3.6
Sun, Aug 7 2011,0100,644,3.4,843,3.8,1487,3.6
Sun, Aug 7 2011,0200,426,5.2,687,3.3,1113,4
Sun, Aug 7 2011,0300,293,6.8,381,7.9,674,7.4
Sun, Aug 7 2011,0400,360,6.9,308,6.8,668,6.9
Sun, Aug 7 2011,0500,580,4.5,291,6.5,871,5.2
Sun, Aug 7 2011,0600,720,3.5,485,4.7,1205,4
Sun, Aug 7 2011,0700,707,5.5,570,7.7,1277,6.5
Sun, Aug 7 2011,0800,884,5.5,787,7.4,1671,6.4
Sun, Aug 7 2011,0900,872,4.9,952,5.7,1824,5.3
Sun, Aug 7 2011,1000,1354,4.1,1209,4.5,2563,4.3
Sun, Aug 7 2011,1100,1747,3.5,1657,3.3,3404,3.4
Sun, Aug 7 2011,1200,2361,2.6,2108,2.6,4469,2.6
Sun, Aug 7 2011,1300,2946,2.2,2684,2.2,5630,2.2
Sun, Aug 7 2011,1400,3096,2.4,2870,1.4,5966,1.9
Sun, Aug 7 2011,1500,3142,2,2899,1.6,6041,1.8
Sun, Aug 7 2011,1600,2797,1.8,2751,1.8,5548,1.8
Sun, Aug 7 2011,1700,2682,1.9,2549,2.2,5231,2.1
Sun, Aug 7 2011,1800,2741,2.2,2794,2.6,5535,2.4
Sun, Aug 7 2011,1900,2488,3.4,2991,3,5479,3.2
Sun, Aug 7 2011,2000,2188,3.2,2329,2.4,4517,2.8
Sun, Aug 7 2011,2100,1838,2.6,1936,2.9,3774,2.8
Sun, Aug 7 2011,2200,1518,3,1494,3.5,3012,3.2
Sun, Aug 7 2011,2300,1157,3.4,1142,4.3,2299,3.8
Sun, Aug 7 2011,2400,758,3.4,1020,4.4,1778,4
Mon, Aug 8 2011,0100,411,6.1,641,9,1052,7.9
Mon, Aug 8 2011,0200,241,12,404,8.9,645,10.1
Mon, Aug 8 2011,0300,169,10.1,158,24.7,327,17.1
Mon, Aug 8 2011,0400,265,17,194,25.3,459,20.5
Mon, Aug 8 2011,0500,621,9.3,355,22.5,976,14.1
Mon, Aug 8 2011,0600,1042,9.2,762,17.8,1804,12.9
Mon, Aug 8 2011,0700,1475,14.2,1467,20.7,2942,17.4
Mon, Aug 8 2011,0800,2900,11.6,2785,15.5,5685,13.5
Mon, Aug 8 2011,0900,3565,9.7,3504,12.2,7069,11
Mon, Aug 8 2011,1000,2827,14.9,2754,16,5581,15.4
Mon, Aug 8 2011,1100,2598,14.7,2545,15.2,5143,15
Mon, Aug 8 2011,1200,2707,16.3,2640,14.5,5347,15.4
Mon, Aug 8 2011,1300,2875,15.5,2825,13.7,5700,14.6
Mon, Aug 8 2011,1400,2778,14.9,2880,12.6,5658,13.7
Mon, Aug 8 2011,1500,2799,15.4,2875,11.5,5674,13.4
Mon, Aug 8 2011,1600,2870,14.1,3007,11.2,5877,12.6
Mon, Aug 8 2011,1700,3343,11,3442,8,6785,9.5
Mon, Aug 8 2011,1800,3709,7.7,4038,6.2,7747,6.9
Mon, Aug 8 2011,1900,3043,8.1,3253,5.6,6296,6.8
Mon, Aug 8 2011,2000,2192,8.6,2175,5.7,4367,7.2
Mon, Aug 8 2011,2100,1659,7.8,1741,5,3400,6.4
Mon, Aug 8 2011,2200,1322,7.5,1458,4.1,2780,5.7
Mon, Aug 8 2011,2300,1036,6.9,1156,5.2,2192,6
Mon, Aug 8 2011,2400,626,8.3,949,6,1575,6.9
Tue, Aug 9 2011,0100,367,13.9,629,10.5,996,11.7
Tue, Aug 9 2011,0200,190,16.3,409,15.2,599,15.5
Tue, Aug 9 2011,0300,156,26.3,128,30.5,284,28.2
Tue, Aug 9 2011,0400,246,16.7,155,35.5,401,23.9
Tue, Aug 9 2011,0500,642,11.1,332,22.9,974,15.1
Tue, Aug 9 2011,0600,993,13.1,657,22.7,1650,16.9
Tue, Aug 9 2011,0700,1356,16.7,1429,23.9,2785,20.4
Tue, Aug 9 2011,0800,2874,12.1,2753,14.5,5627,13.3
Tue, Aug 9 2011,0900,3535,10,3519,13,7054,11.5
Tue, Aug 9 2011,1000,2862,13.9,2860,13.3,5722,13.6
Tue, Aug 9 2011,1100,2675,15.7,2621,14.8,5296,15.3
Tue, Aug 9 2011,1200,2765,15.3,2732,14.7,5497,15
Tue, Aug 9 2011,1300,2768,16.9,2790,12.9,5558,14.9
Tue, Aug 9 2011,1400,2893,14.3,2801,12.9,5694,13.6
Tue, Aug 9 2011,1500,2978,13.9,2880,11.1,5858,12.5
Tue, Aug 9 2011,1600,2965,14,3039,10.5,6004,12.2
Tue, Aug 9 2011,1700,3444,11.2,3497,8,6941,9.6
Tue, Aug 9 2011,1800,3798,7.6,4100,5.7,7898,6.6
Tue, Aug 9 2011,1900,3197,7.4,3212,5,6409,6.2
Tue, Aug 9 2011,2000,2237,7.8,2362,4.8,4599,6.3
Tue, Aug 9 2011,2100,1700,6.7,1861,5.5,3561,6.1
Tue, Aug 9 2011,2200,1433,7.1,1613,5.4,3046,6.2
Tue, Aug 9 2011,2300,1110,6.7,1356,5.8,2466,6.2
Tue, Aug 9 2011,2400,748,8.3,910,8.2,1658,8.3
Wed, Aug 10 2011,0100,435,12.4,585,11.6,1020,12
Wed, Aug 10 2011,0200,214,15.4,447,12.8,661,13.6
Wed, Aug 10 2011,0300,154,29.9,185,26.5,339,28
Wed, Aug 10 2011,0400,221,17.6,158,32.3,379,23.7
Wed, Aug 10 2011,0500,580,12.9,294,26.5,874,17.5
Wed, Aug 10 2011,0600,983,12.9,670,22.1,1653,16.6
Wed, Aug 10 2011,0700,1385,16.2,1385,21.6,2770,18.9
Wed, Aug 10 2011,0800,2875,11.8,2655,16.4,5530,14
Wed, Aug 10 2011,0900,3518,9.7,3543,11,7061,10.3
Wed, Aug 10 2011,1000,2851,14.2,2801,14.7,5652,14.5
Wed, Aug 10 2011,1100,2583,15.7,2545,14.7,5128,15.2
Wed, Aug 10 2011,1200,2733,16.2,2734,14.4,5467,15.3
Wed, Aug 10 2011,1300,2784,15.3,2805,13,5589,14.2
Wed, Aug 10 2011,1400,2909,14.5,2851,11.9,5760,13.2
Wed, Aug 10 2011,1500,2871,14.1,2923,11,5794,12.5
Wed, Aug 10 2011,1600,2977,14.8,2987,11.2,5964,13
Wed, Aug 10 2011,1700,3530,10.6,3479,7.8,7009,9.2
Wed, Aug 10 2011,1800,3694,7.3,3942,5.7,7636,6.5
Wed, Aug 10 2011,1900,3232,7.9,3173,6.1,6405,7
Wed, Aug 10 2011,2000,2335,8.7,2318,4.2,4653,6.5
Wed, Aug 10 2011,2100,1772,7.4,1840,4.7,3612,6
Wed, Aug 10 2011,2200,1555,5.6,1650,5,3205,5.3
Wed, Aug 10 2011,2300,1166,7.7,1341,5.8,2507,6.7
Wed, Aug 10 2011,2400,731,9.3,1038,6.5,1769,7.6
Fri, Sep 16 2011,0100,250,17.6,402,18.4,652,18.1
Fri, Sep 16 2011,0200,214,20.6,283,25.1,497,23.1
Fri, Sep 16 2011,0300,178,23.6,164,36,342,29.5
Fri, Sep 16 2011,0400,263,20.9,182,37.9,445,27.9
Fri, Sep 16 2011,0500,644,10.6,312,26.6,956,15.8
Fri, Sep 16 2011,0600,1030,13.5,709,22.6,1739,17.2
Fri, Sep 16 2011,0700,1413,18.3,1382,26.8,2795,22.5
Fri, Sep 16 2011,0800,2882,13.1,2766,16.3,5648,14.7
Fri, Sep 16 2011,0900,3687,10,3782,13.2,7469,11.6
Fri, Sep 16 2011,1000,2976,14.2,2829,16.5,5805,15.3
Fri, Sep 16 2011,1100,2078,13.3,2631,16.4,4709,15
Fri, Sep 16 2011,1200,2972,19.1,2679,14.6,5651,17
Fri, Sep 16 2011,1300,2845,16.5,2998,14.8,5843,15.6
Fri, Sep 16 2011,1400,3096,15,3058,13.5,6154,14.2
Fri, Sep 16 2011,1500,3294,13.7,3181,12.7,6475,13.2
Fri, Sep 16 2011,1600,3424,12.8,2808,9.6,6232,11.3
Fri, Sep 16 2011,1700,3624,10.4,4073,7.8,7697,9
Fri, Sep 16 2011,1800,3543,8.1,3912,6.6,7455,7.3
Fri, Sep 16 2011,1900,3200,7.5,3397,5.5,6597,6.5
Fri, Sep 16 2011,2000,2542,7.1,2512,5,5054,6.1
Fri, Sep 16 2011,2100,1952,6.5,2029,4.6,3981,5.5
Fri, Sep 16 2011,2200,1558,7.4,1700,4.3,3258,5.8
Fri, Sep 16 2011,2300,1236,8.5,1362,5.8,2598,7.1
Fri, Sep 16 2011,2400,913,9,1108,6.5,2021,7.6
Sat, Sep 17 2011,0100,593,12.6,770,7.1,1363,9.5
Sat, Sep 17 2011,0200,348,12.6,590,12.4,938,12.5
Sat, Sep 17 2011,0300,271,14.4,264,15.5,535,15
Sat, Sep 17 2011,0400,357,12.6,262,21.8,619,16.5
Sat, Sep 17 2011,0500,658,7.3,450,10.9,1108,8.8
Sat, Sep 17 2011,0600,858,8.9,511,13.3,1369,10.5
Sat, Sep 17 2011,0700,786,12.1,816,18.1,1602,15.2
Sat, Sep 17 2011,0800,1287,11.1,1106,12.2,2393,11.6
Sat, Sep 17 2011,0900,1657,9.4,1860,8.2,3517,8.8
Sat, Sep 17 2011,1000,2113,7.5,2297,7.6,4410,7.6
Sat, Sep 17 2011,1100,2194,6.7,2192,7.4,4386,7.1
Sat, Sep 17 2011,1200,2600,6.2,2583,6.1,5183,6.1
Sat, Sep 17 2011,1300,2939,4.8,3033,4.8,5972,4.8
Sat, Sep 17 2011,1400,3257,3.7,3181,3.6,6438,3.6
Sat, Sep 17 2011,1500,3109,3.7,3155,2.9,6264,3.3
Sat, Sep 17 2011,1600,2929,3.3,2921,2.9,5850,3.1
Sat, Sep 17 2011,1700,2929,2.8,2949,2.7,5878,2.7
Sat, Sep 17 2011,1800,2751,3.4,2935,2.4,5686,2.9
Sat, Sep 17 2011,1900,2617,3.5,2622,3,5239,3.2
Sat, Sep 17 2011,2000,2077,3.9,2140,2.8,4217,3.3
Sat, Sep 17 2011,2100,1554,4.2,1703,2.8,3257,3.5
Sat, Sep 17 2011,2200,1133,3.8,1121,3.5,2254,3.6
Sat, Sep 17 2011,2300,892,5.2,939,3.7,1831,4.4
Sat, Sep 17 2011,2400,764,3.3,773,3.9,1537,3.6
Sun, Sep 18 2011,0100,548,3.5,781,4.1,1329,3.8
Sun, Sep 18 2011,0200,444,5,642,5.5,1086,5.2
Sun, Sep 18 2011,0300,302,7,405,5.9,707,6.4
Sun, Sep 18 2011,0400,349,5.2,235,9.8,584,7
Sun, Sep 18 2011,0500,587,5.5,340,5.9,927,5.6
Sun, Sep 18 2011,0600,770,3.8,485,4.9,1255,4.2
Sun, Sep 18 2011,0700,680,5,550,9.3,1230,6.9
Sun, Sep 18 2011,0800,909,4.3,709,10,1618,6.8
Sun, Sep 18 2011,0900,981,5.4,959,5.9,1940,5.7
Sun, Sep 18 2011,1000,1554,4.5,1402,4.5,2956,4.5
Sun, Sep 18 2011,1100,2084,2.9,1776,3.4,3860,3.1
Sun, Sep 18 2011,1200,2645,2,2262,2.5,4907,2.3
Sun, Sep 18 2011,1300,3005,2.4,2715,1.6,5720,2
Sun, Sep 18 2011,1400,3150,2,2874,2,6024,2
Sun, Sep 18 2011,1500,2908,2.4,2847,1.9,5755,2.1
Sun, Sep 18 2011,1600,2600,1.8,2538,1.7,5138,1.7
Sun, Sep 18 2011,1700,2148,2.4,2048,2.2,4196,2.3
Sun, Sep 18 2011,1800,2205,3.1,2645,2.5,4850,2.8
Sun, Sep 18 2011,1900,2357,3.1,2819,3.2,5176,3.1
Sun, Sep 18 2011,2000,2198,4.8,2367,2.5,4565,3.6
Sun, Sep 18 2011,2100,1830,3.4,1863,2.8,3693,3.1
Sun, Sep 18 2011,2200,1350,3.7,1428,3.4,2778,3.5
Sun, Sep 18 2011,2300,955,3.6,1101,3.8,2056,3.7
Sun, Sep 18 2011,2400,646,4.8,951,4.9,1597,4.9
Mon, Sep 19 2011,0100,359,9.7,682,9.1,1041,9.3
Mon, Sep 19 2011,0200,221,9,396,8.3,617,8.6
Mon, Sep 19 2011,0300,181,17.1,189,26.5,370,21.9
Mon, Sep 19 2011,0400,244,14.8,236,25.8,480,20.2
Mon, Sep 19 2011,0500,700,9.4,306,23.9,1006,13.8
Mon, Sep 19 2011,0600,1087,10.5,762,18.2,1849,13.7
Mon, Sep 19 2011,0700,1408,14.4,1376,22.2,2784,18.3
Mon, Sep 19 2011,0800,2812,11.5,2724,16.2,5536,13.8
Mon, Sep 19 2011,0900,3664,8.3,3797,12.5,7461,10.4
Mon, Sep 19 2011,1000,3096,13,2988,14.7,6084,13.8
Mon, Sep 19 2011,1100,2541,16.6,2516,17.3,5057,17
Mon, Sep 19 2011,1200,2629,18.5,2631,15.4,5260,17
Mon, Sep 19 2011,1300,2658,16.7,2759,16.5,5417,16.6
Mon, Sep 19 2011,1400,2745,14.5,2756,14.7,5501,14.6
Mon, Sep 19 2011,1500,2763,16.7,2926,13.3,5689,14.9
Mon, Sep 19 2011,1600,2924,14.7,2948,12.2,5872,13.5
Mon, Sep 19 2011,1700,3354,11.7,3538,9.8,6892,10.7
Mon, Sep 19 2011,1800,3691,8.2,3872,6.6,7563,7.4
Mon, Sep 19 2011,1900,3007,8.9,3071,6.1,6078,7.5
Mon, Sep 19 2011,2000,1994,10,2053,6.4,4047,8.2
Mon, Sep 19 2011,2100,1596,9.3,1686,6.7,3282,8
Mon, Sep 19 2011,2200,1252,8.9,1420,7.1,2672,8
Mon, Sep 19 2011,2300,971,9.3,1181,6.6,2152,7.8
Mon, Sep 19 2011,2400,560,11.8,885,10.3,1445,10.9
Tue, Sep 20 2011,0100,367,21.8,487,16.2,854,18.6
Tue, Sep 20 2011,0200,220,19.1,344,20.3,564,19.9
Tue, Sep 20 2011,0300,179,33.5,169,29,348,31.3
Tue, Sep 20 2011,0400,223,19.7,196,32.7,419,25.8
Tue, Sep 20 2011,0500,606,10.9,268,22.4,874,14.4
Tue, Sep 20 2011,0600,1068,10.1,676,26.8,1744,16.6
Tue, Sep 20 2011,0700,1244,17.8,1457,23.5,2701,20.8
Tue, Sep 20 2011,0800,3004,11.1,3044,15.6,6048,13.4
Tue, Sep 20 2011,0900,3886,8.4,3863,11,7749,9.7
Tue, Sep 20 2011,1000,3255,13.8,3195,13.8,6450,13.8
Tue, Sep 20 2011,1100,2657,16.8,2620,16.5,5277,16.7
Tue, Sep 20 2011,1200,2530,17.9,2549,16.6,5079,17.2
Tue, Sep 20 2011,1300,2650,18.5,2615,16.9,5265,17.7
Tue, Sep 20 2011,1400,2664,16,2727,14.3,5391,15.1
Tue, Sep 20 2011,1500,2789,15.6,2764,13.3,5553,14.4
Tue, Sep 20 2011,1600,3003,15.7,2980,11.8,5983,13.8
Tue, Sep 20 2011,1700,3476,11.6,3562,9.5,7038,10.5
Tue, Sep 20 2011,1800,3886,8.1,4044,6.2,7930,7.1
Tue, Sep 20 2011,1900,3297,7.6,3196,6.4,6493,7
Tue, Sep 20 2011,2000,2445,8.4,2309,6.5,4754,7.5
Tue, Sep 20 2011,2100,1798,9.1,1835,6,3633,7.5
Tue, Sep 20 2011,2200,1389,8.1,1560,6.4,2949,7.2
Tue, Sep 20 2011,2300,1110,8,1281,6.9,2391,7.4
Tue, Sep 20 2011,2400,696,8.6,780,8.1,1476,8.3
Wed, Sep 21 2011,0100,425,17.4,552,13.8,977,15.4
Wed, Sep 21 2011,0200,179,22.3,408,20.6,587,21.1
Wed, Sep 21 2011,0300,166,28.9,150,36.7,316,32.6
Wed, Sep 21 2011,0400,234,23.9,141,43.3,375,31.2
Wed, Sep 21 2011,0500,586,13.3,257,29.6,843,18.3
Wed, Sep 21 2011,0600,1021,12.1,672,24.1,1693,16.9
Wed, Sep 21 2011,0700,1385,15.7,1442,25.5,2827,20.7
Wed, Sep 21 2011,0800,2968,12.4,3015,15.4,5983,13.9
Wed, Sep 21 2011,0900,3847,9.1,4094,11.6,7941,10.4
Wed, Sep 21 2011,1000,2977,12.7,3201,13.1,6178,12.9
Wed, Sep 21 2011,1100,2674,15.8,2613,15.8,5287,15.8
Wed, Sep 21 2011,1200,2602,17.5,2477,16.6,5079,17.1
Wed, Sep 21 2011,1300,2698,16.8,2715,16.8,5413,16.8
Wed, Sep 21 2011,1400,2793,15.3,2847,12.9,5640,14.1
Wed, Sep 21 2011,1500,2878,15.7,2780,13.3,5658,14.5
Wed, Sep 21 2011,1600,3071,15.1,3029,11.9,6100,13.5
Wed, Sep 21 2011,1700,3594,11,3448,9.8,7042,10.4
Wed, Sep 21 2011,1800,3845,8.2,4030,5.9,7875,7
Wed, Sep 21 2011,1900,3424,7.5,3367,6,6791,6.8
Wed, Sep 21 2011,2000,2516,8.5,2363,5.6,4879,7.1
Wed, Sep 21 2011,2100,1885,8,1857,7.3,3742,7.6
Wed, Sep 21 2011,2200,1519,8.1,1676,6.3,3195,7.1
Wed, Sep 21 2011,2300,1108,8.4,1403,6.1,2511,7.1
Wed, Sep 21 2011,2400,654,9.9,923,7.4,1577,8.4
Thu, Sep 22 2011,0100,350,17.7,620,14.4,970,15.6
Thu, Sep 22 2011,0200,206,26.7,333,20.4,539,22.8
Thu, Sep 22 2011,0300,180,22.8,141,31.9,321,26.8
Thu, Sep 22 2011,0400,239,20.5,175,36.6,414,27.3
Thu, Sep 22 2011,0500,554,12.1,318,28.6,872,18.1
Thu, Sep 22 2011,0600,965,11.4,649,22.8,1614,16
Thu, Sep 22 2011,0700,1363,19.1,1490,24.3,2853,21.8
Thu, Sep 22 2011,0800,2953,12,3028,16.6,5981,14.3
Thu, Sep 22 2011,0900,3808,9.2,3574,10,7382,9.6
Thu, Sep 22 2011,1000,3191,13.2,3511,13.6,6702,13.4
Thu, Sep 22 2011,1100,2588,17.2,2638,16.7,5226,17
Thu, Sep 22 2011,1200,2583,18.2,2670,15.4,5253,16.8
Thu, Sep 22 2011,1300,2704,16.1,2820,15.5,5524,15.8
Thu, Sep 22 2011,1400,2859,15.7,2760,14.5,5619,15.1
Thu, Sep 22 2011,1500,2865,15.7,2935,12.6,5800,14.1
Thu, Sep 22 2011,1600,3018,15.2,3145,11.9,6163,13.5
Thu, Sep 22 2011,1700,3640,10.8,3620,9,7260,9.9
Thu, Sep 22 2011,1800,3897,7.2,4021,6.4,7918,6.8
Thu, Sep 22 2011,1900,3365,8.2,3263,5.8,6628,7
Thu, Sep 22 2011,2000,2573,8.8,2325,6.9,4898,7.9
Thu, Sep 22 2011,2100,1981,7.5,1930,7.2,3911,7.3
Thu, Sep 22 2011,2200,1614,8.6,1546,6.4,3160,7.5
Thu, Sep 22 2011,2300,1134,9.9,1409,6.5,2543,8
Thu, Sep 22 2011,2400,724,13.5,975,8.7,1699,10.8
Fri, Sep 23 2011,0100,421,13.8,627,14.2,1048,14
Fri, Sep 23 2011,0200,240,20.4,400,17,640,18.3
Fri, Sep 23 2011,0300,208,24.5,180,31.1,388,27.6
Fri, Sep 23 2011,0400,263,17.1,186,29.6,449,22.3
Fri, Sep 23 2011,0500,663,12.2,318,27.4,981,17.1
Fri, Sep 23 2011,0600,995,14,699,22.2,1694,17.4
Fri, Sep 23 2011,0700,1382,17.3,1426,27.9,2808,22.7
Fri, Sep 23 2011,0800,2951,12.9,2756,19.3,5707,16
Fri, Sep 23 2011,0900,3680,10.2,3869,11.4,7549,10.8
Fri, Sep 23 2011,1000,3066,13.5,3054,14.9,6120,14.2
Fri, Sep 23 2011,1100,2755,17.4,2567,15.6,5322,16.5
Fri, Sep 23 2011,1200,2652,17.3,2765,15.7,5417,16.4
Fri, Sep 23 2011,1300,2995,17.4,3011,14.6,6006,16
Fri, Sep 23 2011,1400,3225,14.7,3130,14.6,6355,14.6
Fri, Sep 23 2011,1500,3275,14.1,3277,12.8,6552,13.5
Fri, Sep 23 2011,1600,3461,12.1,3571,9.5,7032,10.8
Fri, Sep 23 2011,1700,3733,11,3768,9,7501,10
Fri, Sep 23 2011,1800,3712,7.8,4062,6,7774,6.9
Fri, Sep 23 2011,1900,3148,8.6,3191,5.1,6339,6.9
Fri, Sep 23 2011,2000,2562,7.3,2561,4.4,5123,5.9
Fri, Sep 23 2011,2100,1981,6.2,2054,5,4035,5.6
Fri, Sep 23 2011,2200,1569,7.9,1615,5,3184,6.4
Fri, Sep 23 2011,2300,1125,8.4,1398,6.1,2523,7.1
Fri, Sep 23 2011,2400,846,9.8,1156,6.1,2002,7.7
Sat, Sep 24 2011,0100,526,11.4,731,9.7,1257,10.4
Sat, Sep 24 2011,0200,350,15.4,525,12,875,13.4
Sat, Sep 24 2011,0300,249,13.7,244,13.9,493,13.8
Sat, Sep 24 2011,0400,321,14.3,247,20.6,568,17.1
Sat, Sep 24 2011,0500,620,7.7,401,16,1021,11
Sat, Sep 24 2011,0600,837,8.7,533,13.9,1370,10.7
Sat, Sep 24 2011,0700,814,11.3,855,16.7,1669,14.1
Sat, Sep 24 2011,0800,1357,9.7,1173,12.4,2530,10.9
Sat, Sep 24 2011,0900,1775,9.6,1710,8.5,3485,9.1
Sat, Sep 24 2011,1000,2173,7.1,2330,6.7,4503,6.9
Sat, Sep 24 2011,1100,2370,6.2,2546,6.4,4916,6.3
Sat, Sep 24 2011,1200,2746,5.1,2879,4.7,5625,4.9
Sat, Sep 24 2011,1300,2998,3.8,3024,4,6022,3.9
Sat, Sep 24 2011,1400,3156,3.4,3114,3.4,6270,3.4
Sat, Sep 24 2011,1500,3032,3.4,3094,2.4,6126,2.9
Sat, Sep 24 2011,1600,2935,3.3,2908,3.1,5843,3.2
Sat, Sep 24 2011,1700,2716,3.1,2829,2.7,5545,2.9
Sat, Sep 24 2011,1800,2715,3.2,2822,2.5,5537,2.9
Sat, Sep 24 2011,1900,2506,4.5,2564,2.9,5070,3.7
Sat, Sep 24 2011,2000,2000,4,2087,2.5,4087,3.2
Sat, Sep 24 2011,2100,1568,3.4,1635,2.8,3203,3.1
Sat, Sep 24 2011,2200,1095,3.7,1166,3.3,2261,3.5
Sat, Sep 24 2011,2300,860,3.3,985,3.4,1845,3.3
Sat, Sep 24 2011,2400,714,4.3,845,4.7,1559,4.6
Sun, Sep 25 2011,0100,544,4,721,3.7,1265,3.9
Sun, Sep 25 2011,0200,404,5.9,573,4.9,977,5.3
Sun, Sep 25 2011,0300,296,5.7,331,6,627,5.9
Sun, Sep 25 2011,0400,303,6.6,293,10.2,596,8.4
Sun, Sep 25 2011,0500,500,5.6,282,7.8,782,6.4
Sun, Sep 25 2011,0600,709,3.2,484,5.4,1193,4.1
Sun, Sep 25 2011,0700,655,5.3,555,12.1,1210,8.4
Sun, Sep 25 2011,0800,907,4.6,705,7.4,1612,5.8
Sun, Sep 25 2011,0900,1015,5.4,1063,5.8,2078,5.6
Sun, Sep 25 2011,1000,1470,4.8,1558,5.2,3028,5
Sun, Sep 25 2011,1100,1765,3.9,1934,2.7,3699,3.3
Sun, Sep 25 2011,1200,2356,2.5,2212,2.9,4568,2.7
Sun, Sep 25 2011,1300,2658,2.6,2663,2.4,5321,2.5
Sun, Sep 25 2011,1400,2982,2.7,2902,2.1,5884,2.4
Sun, Sep 25 2011,1500,3161,2.6,2982,1.7,6143,2.2
Sun, Sep 25 2011,1600,2920,2.2,2947,1.5,5867,1.8
Sun, Sep 25 2011,1700,2781,1.9,2723,2.3,5504,2.1
Sun, Sep 25 2011,1800,2962,2.2,2841,3.1,5803,2.7
Sun, Sep 25 2011,1900,2856,3.3,2673,2.9,5529,3.1
Sun, Sep 25 2011,2000,2520,3.2,2318,2.9,4838,3.1
Sun, Sep 25 2011,2100,1906,3.9,1946,2.9,3852,3.4
Sun, Sep 25 2011,2200,1486,3.7,1394,4.7,2880,4.2
Sun, Sep 25 2011,2300,1009,3.2,1090,4.2,2099,3.7
Sun, Sep 25 2011,2400,640,5.8,931,5.5,1571,5.6
Mon, Sep 26 2011,0100,337,11.6,553,8.7,890,9.8
Mon, Sep 26 2011,0200,183,13.1,337,11.6,520,12.1
Mon, Sep 26 2011,0300,162,17.3,179,26.3,341,22
Mon, Sep 26 2011,0400,208,16.3,135,40.7,343,25.9
Mon, Sep 26 2011,0500,612,9.3,267,23.2,879,13.5
Mon, Sep 26 2011,0600,1108,9.5,778,19.2,1886,13.5
Mon, Sep 26 2011,0700,1466,15.6,1479,23.4,2945,19.5
Mon, Sep 26 2011,0800,3057,11.5,2991,17.3,6048,14.4
Mon, Sep 26 2011,0900,3947,8.1,3966,11.3,7913,9.7
Mon, Sep 26 2011,1000,3253,13.9,3087,14.9,6340,14.4
Mon, Sep 26 2011,1100,2653,17.6,2518,17,5171,17.3
Mon, Sep 26 2011,1200,2637,19.1,2541,18.3,5178,18.7
Mon, Sep 26 2011,1300,2696,17,2706,16.9,5402,17
Mon, Sep 26 2011,1400,2796,16.8,2702,14.5,5498,15.7
Mon, Sep 26 2011,1500,2799,15.1,2858,13.8,5657,14.4
Mon, Sep 26 2011,1600,2889,15.1,2937,11.7,5826,13.4
Mon, Sep 26 2011,1700,3361,11.2,3469,10.1,6830,10.6
Mon, Sep 26 2011,1800,3819,8.4,3949,6.6,7768,7.5
Mon, Sep 26 2011,1900,3059,8.1,3054,6.1,6113,7.1
Mon, Sep 26 2011,2000,2147,9.1,2168,6.1,4315,7.6
Mon, Sep 26 2011,2100,1614,8.3,1702,6.6,3316,7.4
Mon, Sep 26 2011,2200,1308,7.2,1401,6.2,2709,6.7
Mon, Sep 26 2011,2300,958,9,1182,5.9,2140,7.3
Mon, Sep 26 2011,2400,557,11.3,854,9,1411,9.9
Tue, Sep 27 2011,0100,307,18.6,492,15,799,16.4
Tue, Sep 27 2011,0200,191,24.6,297,22.2,488,23.2
Tue, Sep 27 2011,0300,153,25.5,126,41.3,279,32.6
Tue, Sep 27 2011,0400,216,19.4,165,33.3,381,25.5
Tue, Sep 27 2011,0500,577,11.3,287,29.3,864,17.2
Tue, Sep 27 2011,0600,1058,13,626,22.2,1684,16.4
Tue, Sep 27 2011,0700,1412,16.1,1345,26.1,2757,21
Tue, Sep 27 2011,0800,3013,11.9,2981,16.7,5994,14.3
Tue, Sep 27 2011,0900,3876,8.3,4005,10.9,7881,9.6
Tue, Sep 27 2011,1000,3273,12.8,3065,13.5,6338,13.1
Tue, Sep 27 2011,1100,2670,15.6,2562,15.8,5232,15.7
Tue, Sep 27 2011,1200,2631,18.6,2501,15.3,5132,17
Tue, Sep 27 2011,1300,2675,16.8,2723,15.9,5398,16.3
Tue, Sep 27 2011,1400,2738,15.6,2732,13.8,5470,14.7
Tue, Sep 27 2011,1500,2772,15.5,2722,13.1,5494,14.3
Tue, Sep 27 2011,1600,2998,14.7,3021,10.8,6019,12.7
Tue, Sep 27 2011,1700,3512,11.2,3555,9.1,7067,10.2
Tue, Sep 27 2011,1800,3780,7.6,4033,6.4,7813,7
Tue, Sep 27 2011,1900,3369,8.3,3225,7.2,6594,7.7
Tue, Sep 27 2011,2000,2364,8.1,2318,5.9,4682,7
Tue, Sep 27 2011,2100,1632,9.3,1860,6.3,3492,7.7
Tue, Sep 27 2011,2200,1263,8.2,1505,6,2768,7
Tue, Sep 27 2011,2300,1044,8.6,1238,7.1,2282,7.8
Tue, Sep 27 2011,2400,684,10.7,795,9.2,1479,9.9
Wed, Sep 28 2011,0100,371,18.6,552,13.2,923,15.4
Wed, Sep 28 2011,0200,192,24,417,19.4,609,20.9
Wed, Sep 28 2011,0300,189,30.2,185,31.9,374,31
Wed, Sep 28 2011,0400,212,24.1,158,44.9,370,33
Wed, Sep 28 2011,0500,552,14.5,285,35.1,837,21.5
Wed, Sep 28 2011,0600,977,14,608,20.7,1585,16.6
Wed, Sep 28 2011,0700,1439,17.7,1369,24.9,2808,21.2
Wed, Sep 28 2011,0800,2953,11.8,2936,17.3,5889,14.6
Wed, Sep 28 2011,0900,3874,8,4022,11.6,7896,9.8
Wed, Sep 28 2011,1000,3239,12.4,3156,12.7,6395,12.6
Wed, Sep 28 2011,1100,2638,15.7,2498,16.1,5136,15.9
Wed, Sep 28 2011,1200,2591,17.3,2570,16.1,5161,16.7
Wed, Sep 28 2011,1300,2830,16.4,2774,15.1,5604,15.8
Wed, Sep 28 2011,1400,2883,16,2748,15,5631,15.5
Wed, Sep 28 2011,1500,2948,15.4,2934,13,5882,14.2
Wed, Sep 28 2011,1600,3134,14.4,3067,11.6,6201,13
Wed, Sep 28 2011,1700,3531,11.4,3549,8.7,7080,10
Wed, Sep 28 2011,1800,3745,7.6,3993,6.4,7738,7
Wed, Sep 28 2011,1900,3390,8.1,3366,5.3,6756,6.7
Wed, Sep 28 2011,2000,2355,8.3,2495,6.4,4850,7.3
Wed, Sep 28 2011,2100,1794,8.7,2010,5.8,3804,7.2
Wed, Sep 28 2011,2200,1442,8.1,1587,6.5,3029,7.3
Wed, Sep 28 2011,2300,1173,7.9,1416,7,2589,7.4
Wed, Sep 28 2011,2400,735,9.7,1083,7.2,1818,8.2
Thu, Sep 29 2011,0100,392,21.7,465,17.8,857,19.6
Thu, Sep 29 2011,0200,217,21.7,327,20.5,544,21
Thu, Sep 29 2011,0300,170,28.8,183,31.7,353,30.3
Thu, Sep 29 2011,0400,262,20.6,196,36.2,458,27.3
Thu, Sep 29 2011,0500,625,11.5,330,30,955,17.9
Thu, Sep 29 2011,0600,1048,14.5,630,24,1678,18.1
Thu, Sep 29 2011,0700,1464,18.2,1381,28.4,2845,23.2
Thu, Sep 29 2011,0800,2983,12.5,2886,16.8,5869,14.6
Thu, Sep 29 2011,0900,3789,8.5,3751,11.8,7540,10.1
Thu, Sep 29 2011,1000,3322,13.4,3276,13.3,6598,13.3
Thu, Sep 29 2011,1100,2721,16.3,2621,15.4,5342,15.9
Thu, Sep 29 2011,1200,2726,16.9,2661,15.8,5387,16.4
Thu, Sep 29 2011,1300,2772,16.5,2820,16.7,5592,16.6
Thu, Sep 29 2011,1400,2891,16.1,2809,14,5700,15.1
Thu, Sep 29 2011,1500,2957,15.3,2796,14.1,5753,14.7
Thu, Sep 29 2011,1600,3142,14.6,3180,11.4,6322,13
Thu, Sep 29 2011,1700,3539,10.4,3697,8.8,7236,9.6
Thu, Sep 29 2011,1800,3765,8,4182,6.6,7947,7.3
Thu, Sep 29 2011,1900,3291,8.4,3312,6.4,6603,7.4
Thu, Sep 29 2011,2000,2477,8.8,2613,5.8,5090,7.3
Thu, Sep 29 2011,2100,1941,7.7,1924,7.4,3865,7.6
Thu, Sep 29 2011,2200,1642,7.2,1755,5.9,3397,6.5
Thu, Sep 29 2011,2300,1199,8.8,1490,7.7,2689,8.1
Thu, Sep 29 2011,2400,740,10.9,1032,7.6,1772,9
Fri, Sep 30 2011,0100,421,15.7,682,13.6,1103,14.4
Fri, Sep 30 2011,0200,236,23.3,340,19.1,576,20.8
Fri, Sep 30 2011,0300,167,26.3,210,34.3,377,30.8
Fri, Sep 30 2011,0400,252,17.1,181,34.8,433,24.5
Fri, Sep 30 2011,0500,598,11,306,30.4,904,17.6
Fri, Sep 30 2011,0600,1000,14.8,658,24,1658,18.5
Fri, Sep 30 2011,0700,1409,16.6,1408,27.3,2817,21.9
Fri, Sep 30 2011,0800,2885,12.3,2807,17.6,5692,14.9
Fri, Sep 30 2011,0900,3677,9.7,3803,12.3,7480,11
Fri, Sep 30 2011,1000,3104,13.9,3101,14.7,6205,14.3
Fri, Sep 30 2011,1100,2717,17.1,2601,15.3,5318,16.2
Fri, Sep 30 2011,1200,2739,16.5,2796,15,5535,15.8
Fri, Sep 30 2011,1300,3040,16.5,3106,13.9,6146,15.2
Fri, Sep 30 2011,1400,3116,14.3,3100,13.9,6216,14.1
Fri, Sep 30 2011,1500,3019,14.3,3257,11,6276,12.6
Fri, Sep 30 2011,1600,3329,12.6,3585,9.7,6914,11.1
Fri, Sep 30 2011,1700,3512,10.3,3708,7.3,7220,8.8
Fri, Sep 30 2011,1800,3440,8.4,3905,6.3,7345,7.3
Fri, Sep 30 2011,1900,3205,7.6,3211,5.1,6416,6.4
Fri, Sep 30 2011,2000,2618,7.1,2559,5.4,5177,6.3
Fri, Sep 30 2011,2100,1997,8.8,2038,4.8,4035,6.7
Fri, Sep 30 2011,2200,1549,7.9,1722,6,3271,6.9
Fri, Sep 30 2011,2300,1161,9.1,1456,6.2,2617,7.5
Fri, Sep 30 2011,2400,821,9.6,1165,6.4,1986,7.8
Sat, Oct 1 2011,0100,592,15,734,9.3,1326,11.8
Sat, Oct 1 2011,0200,352,14.8,507,13.6,859,14.1
Sat, Oct 1 2011,0300,275,17.5,265,14.7,540,16.1
Sat, Oct 1 2011,0400,319,11.3,248,19,567,14.6
Sat, Oct 1 2011,0500,624,8.7,348,17.2,972,11.7
Sat, Oct 1 2011,0600,854,9.1,548,15.5,1402,11.6
Sat, Oct 1 2011,0700,798,11.8,802,18.3,1600,15.1
Sat, Oct 1 2011,0800,1228,10.5,1070,15.3,2298,12.8
Sat, Oct 1 2011,0900,1647,9.7,1556,8.4,3203,9
Sat, Oct 1 2011,1000,2107,7.3,2040,7.7,4147,7.5
Sat, Oct 1 2011,1100,2298,7.1,2306,5.7,4604,6.4
Sat, Oct 1 2011,1200,2677,6.2,2633,4.8,5310,5.5
Sat, Oct 1 2011,1300,2944,4.6,2941,4.3,5885,4.4
Sat, Oct 1 2011,1400,3024,3.3,3055,3.2,6079,3.3
Sat, Oct 1 2011,1500,2846,3.3,2986,3.3,5832,3.3
Sat, Oct 1 2011,1600,2759,3.5,2974,2.6,5733,3
Sat, Oct 1 2011,1700,2642,2.8,2781,2.3,5423,2.5
Sat, Oct 1 2011,1800,2479,3.3,2704,3.1,5183,3.2
Sat, Oct 1 2011,1900,2352,3.7,2444,3.2,4796,3.4
Sat, Oct 1 2011,2000,1901,3.8,2011,2.8,3912,3.3
Sat, Oct 1 2011,2100,1432,4.6,1589,2.8,3021,3.7
Sat, Oct 1 2011,2200,1005,5.1,1054,3.7,2059,4.4
Sat, Oct 1 2011,2300,849,4.4,821,3.5,1670,4
Sat, Oct 1 2011,2400,685,5.1,844,4.7,1529,4.9
Sun, Oct 2 2011,0100,530,4.3,766,3.4,1296,3.8
Sun, Oct 2 2011,0200,396,5.3,625,5,1021,5.1
Sun, Oct 2 2011,0300,312,6.1,354,5.6,666,5.9
Sun, Oct 2 2011,0400,308,3.9,291,9.3,599,6.5
Sun, Oct 2 2011,0500,474,6.5,311,8,785,7.1
Sun, Oct 2 2011,0600,640,4.8,432,5.1,1072,4.9
Sun, Oct 2 2011,0700,571,6.1,557,11.3,1128,8.7
Sun, Oct 2 2011,0800,835,5.5,671,7.3,1506,6.3
Sun, Oct 2 2011,0900,874,4.3,891,5.7,1765,5
Sun, Oct 2 2011,1000,1244,4.6,1168,4.1,2412,4.4
Sun, Oct 2 2011,1100,1586,4,1553,4.1,3139,4
Sun, Oct 2 2011,1200,2220,2,2175,2.6,4395,2.3
Sun, Oct 2 2011,1300,2738,2.6,2549,1.9,5287,2.3
Sun, Oct 2 2011,1400,3109,1.8,2863,1.6,5972,1.7
Sun, Oct 2 2011,1500,3026,2.5,2989,1.5,6015,2
Sun, Oct 2 2011,1600,2954,1.7,2947,1.8,5901,1.7
Sun, Oct 2 2011,1700,2922,1.8,2833,2.4,5755,2.1
Sun, Oct 2 2011,1800,2824,2.1,2739,3.8,5563,2.9
Sun, Oct 2 2011,1900,2690,2.6,2629,2.3,5319,2.5
Sun, Oct 2 2011,2000,2387,4.7,2306,2.4,4693,3.6
Sun, Oct 2 2011,2100,1896,3.8,1778,2.7,3674,3.3
Sun, Oct 2 2011,2200,1472,3.8,1390,4.8,2862,4.3
Sun, Oct 2 2011,2300,1017,4.2,1146,4.5,2163,4.3
Sun, Oct 2 2011,2400,619,7.6,895,5.6,1514,6.4
Mon, Oct 3 2011,0100,344,8.1,522,10.7,866,9.7
Mon, Oct 3 2011,0200,154,9.7,258,14.3,412,12.6
Mon, Oct 3 2011,0300,155,21.3,213,22.5,368,22
Mon, Oct 3 2011,0400,223,16.1,198,26.8,421,21.1
Mon, Oct 3 2011,0500,600,12.2,300,25,900,16.4
Mon, Oct 3 2011,0600,1111,11.9,780,21.8,1891,16
Mon, Oct 3 2011,0700,1479,15.3,1447,23.7,2926,19.5
Mon, Oct 3 2011,0800,2997,11.2,2971,16.3,5968,13.8
Mon, Oct 3 2011,0900,3880,8,3950,12.1,7830,10.1
Mon, Oct 3 2011,1000,3273,12.7,3079,14.5,6352,13.6
Mon, Oct 3 2011,1100,2593,18.2,2508,17.3,5101,17.8
Mon, Oct 3 2011,1200,2686,18.6,2637,18.3,5323,18.4
Mon, Oct 3 2011,1300,2764,16.6,2737,16.8,5501,16.7
Mon, Oct 3 2011,1400,2800,17.9,2683,15.4,5483,16.7
Mon, Oct 3 2011,1500,2772,16.5,2819,13.8,5591,15.1
Mon, Oct 3 2011,1600,2839,15.9,2982,11.9,5821,13.9
Mon, Oct 3 2011,1700,3385,11.6,3436,9.3,6821,10.4
Mon, Oct 3 2011,1800,3849,8.7,3953,5.9,7802,7.2
Mon, Oct 3 2011,1900,3127,9,3225,6.3,6352,7.6
Mon, Oct 3 2011,2000,2174,9.3,2173,6,4347,7.6
Mon, Oct 3 2011,2100,1613,8.8,1668,7.4,3281,8.1
Mon, Oct 3 2011,2200,1251,8.9,1452,6.1,2703,7.4
Mon, Oct 3 2011,2300,992,9.4,1225,6.6,2217,7.8
Mon, Oct 3 2011,2400,614,11.1,895,10.4,1509,10.7
Tue, Oct 4 2011,0100,375,19.7,651,11.1,1026,14.2
Tue, Oct 4 2011,0200,187,30.5,370,23.5,557,25.9
Tue, Oct 4 2011,0300,189,30.7,161,39.8,350,34.9
Tue, Oct 4 2011,0400,223,20.2,186,36,409,27.4
Tue, Oct 4 2011,0500,585,12.6,319,28.8,904,18.4
Tue, Oct 4 2011,0600,1046,14.3,677,23.6,1723,18
Tue, Oct 4 2011,0700,1354,17.6,1392,27.5,2746,22.6
Tue, Oct 4 2011,0800,3037,11.5,2963,16,6000,13.7
Tue, Oct 4 2011,0900,3948,8.6,3936,11.9,7884,10.2
Tue, Oct 4 2011,1000,3216,14.5,3094,13.2,6310,13.9
Tue, Oct 4 2011,1100,2688,16.9,2552,15.7,5240,16.3
Tue, Oct 4 2011,1200,2526,16.6,2477,18.2,5003,17.4
Tue, Oct 4 2011,1300,2727,18.1,2748,17.1,5475,17.6
Tue, Oct 4 2011,1400,2700,16.1,2719,13.6,5419,14.9
Tue, Oct 4 2011,1500,2849,16.4,2790,13.6,5639,15
Tue, Oct 4 2011,1600,3027,14.1,3022,11.7,6049,12.9
Tue, Oct 4 2011,1700,3475,10.6,3686,9.3,7161,9.9
Tue, Oct 4 2011,1800,3581,8.3,4160,6.6,7741,7.4
Tue, Oct 4 2011,1900,3391,8.7,3172,6.4,6563,7.6
Tue, Oct 4 2011,2000,2281,8.6,2373,6.4,4654,7.5
Tue, Oct 4 2011,2100,1636,9.3,1731,7.5,3367,8.3
Tue, Oct 4 2011,2200,1339,8.5,1579,7.7,2918,8.1
Tue, Oct 4 2011,2300,1094,8.2,1313,7.1,2407,7.6
Tue, Oct 4 2011,2400,703,11.4,850,8.6,1553,9.9
Wed, Oct 5 2011,0100,417,18.2,488,15.8,905,16.9
Wed, Oct 5 2011,0200,214,21.5,401,23.2,615,22.6
Wed, Oct 5 2011,0300,178,34.3,163,32.5,341,33.4
Wed, Oct 5 2011,0400,220,22.3,169,42.6,389,31.1
Wed, Oct 5 2011,0500,559,14.7,259,37.5,818,21.9
Wed, Oct 5 2011,0600,955,14.3,697,24.1,1652,18.5
Wed, Oct 5 2011,0700,1433,16.7,1380,26.7,2813,21.6
Wed, Oct 5 2011,0800,3005,12.3,2922,16,5927,14.2
Wed, Oct 5 2011,0900,3912,8.2,3866,9.6,7778,8.9
Wed, Oct 5 2011,1000,3126,13.4,3114,15.8,6240,14.6
Wed, Oct 5 2011,1100,2693,17,2562,16.1,5255,16.6
Wed, Oct 5 2011,1200,2531,17.2,2570,16.4,5101,16.8
Wed, Oct 5 2011,1300,2740,17.8,2687,17.3,5427,17.6
Wed, Oct 5 2011,1400,2849,14.7,2755,14.9,5604,14.8
Wed, Oct 5 2011,1500,2755,14.7,2867,12.3,5622,13.5
Wed, Oct 5 2011,1600,3053,15.9,2996,11.7,6049,13.8
Wed, Oct 5 2011,1700,3519,10,3545,8.9,7064,9.4
Wed, Oct 5 2011,1800,3727,7.9,4055,6.1,7782,7
Wed, Oct 5 2011,1900,3355,8.2,3300,6.4,6655,7.3
Wed, Oct 5 2011,2000,2412,9.6,2369,5.1,4781,7.4
Wed, Oct 5 2011,2100,1774,8.6,1936,6.1,3710,7.3
Wed, Oct 5 2011,2200,1576,7.7,1569,7.5,3145,7.6
Wed, Oct 5 2011,2300,1142,8.4,1449,6.3,2591,7.3
Wed, Oct 5 2011,2400,722,10.9,923,9,1645,9.8
Thu, Oct 6 2011,0100,383,17.8,520,14.4,903,15.8
Thu, Oct 6 2011,0200,190,23.7,305,23.6,495,23.6
Thu, Oct 6 2011,0300,142,35.2,156,36.5,298,35.9
Thu, Oct 6 2011,0400,226,23.5,173,40.5,399,30.8
Thu, Oct 6 2011,0500,602,14.5,279,35.8,881,21.2
Thu, Oct 6 2011,0600,995,14.8,647,24.9,1642,18.8
Thu, Oct 6 2011,0700,1403,19,1379,26.4,2782,22.7
Thu, Oct 6 2011,0800,2969,13.3,3039,17.2,6008,15.3
Thu, Oct 6 2011,0900,3951,8.4,3968,12.4,7919,10.4
Thu, Oct 6 2011,1000,3275,13.6,3198,13.8,6473,13.7
Thu, Oct 6 2011,1100,2795,18.2,2530,17.2,5325,17.7
Thu, Oct 6 2011,1200,2642,19.5,2564,18.4,5206,19
Thu, Oct 6 2011,1300,2834,18.8,2744,17.2,5578,18
Thu, Oct 6 2011,1400,2857,16.7,2757,15.2,5614,16
Thu, Oct 6 2011,1500,2854,15.1,2879,14.9,5733,15
Thu, Oct 6 2011,1600,3007,15.4,3190,11.1,6197,13.2
Thu, Oct 6 2011,1700,3567,11.6,3740,8.2,7307,9.9
Thu, Oct 6 2011,1800,3626,7.9,4232,6.9,7858,7.4
Thu, Oct 6 2011,1900,3261,8.1,3247,6.3,6508,7.2
Thu, Oct 6 2011,2000,2400,9.3,2492,5.2,4892,7.2
Thu, Oct 6 2011,2100,1913,7.5,1968,7.2,3881,7.4
Thu, Oct 6 2011,2200,1625,8.4,1679,6.6,3304,7.5
Thu, Oct 6 2011,2300,1120,8.4,1343,7.1,2463,7.7
Thu, Oct 6 2011,2400,676,9.5,937,8.1,1613,8.7
Fri, Oct 7 2011,0100,441,15.9,640,12.2,1081,13.7
Fri, Oct 7 2011,0200,226,23,381,19.2,607,20.6
Fri, Oct 7 2011,0300,158,23.4,161,34.8,319,29.2
Fri, Oct 7 2011,0400,263,20.2,191,35.6,454,26.7
Fri, Oct 7 2011,0500,641,10.8,329,29.2,970,17
Fri, Oct 7 2011,0600,1035,14.6,726,24.9,1761,18.9
Fri, Oct 7 2011,0700,1417,17.3,1386,27.8,2803,22.5
Fri, Oct 7 2011,0800,3006,11.9,2878,17,5884,14.4
Fri, Oct 7 2011,0900,3778,9.5,3742,13.5,7520,11.5
Fri, Oct 7 2011,1000,3008,14.9,3066,14.5,6074,14.7
Fri, Oct 7 2011,1100,2742,17,2625,17.4,5367,17.2
Fri, Oct 7 2011,1200,2882,17.1,2802,15.4,5684,16.2
Fri, Oct 7 2011,1300,2842,17.8,3061,14.6,5903,16.2
Fri, Oct 7 2011,1400,3124,15.8,3110,14.3,6234,15
Fri, Oct 7 2011,1500,3204,15,3387,13.5,6591,14.2
Fri, Oct 7 2011,1600,3446,12.8,3606,10.6,7052,11.7
Fri, Oct 7 2011,1700,3679,10.1,3862,7.1,7541,8.6
Fri, Oct 7 2011,1800,3571,7.5,4067,6.2,7638,6.8
Fri, Oct 7 2011,1900,3178,8.4,3343,5.3,6521,6.8
Fri, Oct 7 2011,2000,2638,8.2,2699,4.7,5337,6.4
Fri, Oct 7 2011,2100,1900,8.1,1987,5.9,3887,7
Fri, Oct 7 2011,2200,1433,8.6,1623,6.6,3056,7.5
Fri, Oct 7 2011,2300,1065,10.7,1338,6.4,2403,8.3
Fri, Oct 7 2011,2400,854,8.1,1140,6.6,1994,7.2
Sat, Oct 8 2011,0100,578,14,778,8.7,1356,11
Sat, Oct 8 2011,0200,329,13.4,511,13.9,840,13.7
Sat, Oct 8 2011,0300,267,15,334,12.6,601,13.6
Sat, Oct 8 2011,0400,324,9,257,17.9,581,12.9
Sat, Oct 8 2011,0500,611,7.4,353,16.1,964,10.6
Sat, Oct 8 2011,0600,810,9.8,551,14.5,1361,11.7
Sat, Oct 8 2011,0700,759,12.4,718,21.6,1477,16.9
Sat, Oct 8 2011,0800,1152,10.5,932,15.2,2084,12.6
Sat, Oct 8 2011,0900,1606,8.6,1545,8.6,3151,8.6
Sat, Oct 8 2011,1000,2067,7.5,2052,7.3,4119,7.4
Sat, Oct 8 2011,1100,2323,7,2350,6.3,4673,6.6
Sat, Oct 8 2011,1200,2644,5.1,2558,5.7,5202,5.4
Sat, Oct 8 2011,1300,2904,4.7,2976,3.8,5880,4.2
Sat, Oct 8 2011,1400,3058,3.6,3196,3.5,6254,3.6
Sat, Oct 8 2011,1500,3013,2.6,3116,2.7,6129,2.6
Sat, Oct 8 2011,1600,2834,3,2909,2.6,5743,2.8
Sat, Oct 8 2011,1700,2635,3.4,2942,2.5,5577,2.9
Sat, Oct 8 2011,1800,2615,3.3,2787,3.1,5402,3.2
Sat, Oct 8 2011,1900,2399,4.2,2437,2.3,4836,3.2
Sat, Oct 8 2011,2000,1931,3.6,2002,3,3933,3.3
Sat, Oct 8 2011,2100,1369,4.5,1475,3.2,2844,3.8
Sat, Oct 8 2011,2200,976,4.6,988,3.5,1964,4.1
Sat, Oct 8 2011,2300,806,4.2,907,2.9,1713,3.5
Sat, Oct 8 2011,2400,699,5,829,3,1528,3.9
Sun, Oct 9 2011,0100,541,4.3,745,5.1,1286,4.7
Sun, Oct 9 2011,0200,415,3.4,525,6.1,940,4.9
Sun, Oct 9 2011,0300,302,7.6,391,4.1,693,5.6
Sun, Oct 9 2011,0400,289,5.5,244,11.5,533,8.3
Sun, Oct 9 2011,0500,466,4.9,262,6.9,728,5.6
Sun, Oct 9 2011,0600,628,4.8,393,4.3,1021,4.6
Sun, Oct 9 2011,0700,573,5.6,531,12.2,1104,8.8
Sun, Oct 9 2011,0800,790,5.6,637,6.9,1427,6.2
Sun, Oct 9 2011,0900,886,5.1,943,7.6,1829,6.4
Sun, Oct 9 2011,1000,1328,5,1263,3.7,2591,4.4
Sun, Oct 9 2011,1100,1715,2.9,1629,3.7,3344,3.3
Sun, Oct 9 2011,1200,2177,2.4,2062,2.8,4239,2.6
Sun, Oct 9 2011,1300,2709,2.6,2646,2,5355,2.3
Sun, Oct 9 2011,1400,3116,2.1,2880,1.9,5996,2
Sun, Oct 9 2011,1500,3076,1.9,2918,1.7,5994,1.8
Sun, Oct 9 2011,1600,2919,2.7,2993,2.1,5912,2.4
Sun, Oct 9 2011,1700,2928,1.8,2814,2.2,5742,2
Sun, Oct 9 2011,1800,2862,2.5,2831,2.3,5693,2.4
Sun, Oct 9 2011,1900,2734,2.6,2589,2.5,5323,2.6
Sun, Oct 9 2011,2000,2262,3,2366,3.2,4628,3.1
Sun, Oct 9 2011,2100,1769,2.7,1712,3.4,3481,3
Sun, Oct 9 2011,2200,1433,4,1384,4.2,2817,4.1
Sun, Oct 9 2011,2300,1030,3.7,1198,4.2,2228,3.9
Sun, Oct 9 2011,2400,554,5.1,959,4.4,1513,4.6
Mon, Oct 10 2011,0100,299,10.4,560,11.1,859,10.8
Mon, Oct 10 2011,0200,202,15.8,311,11.6,513,13.3
Mon, Oct 10 2011,0300,126,18.3,168,30.4,294,25.2
Mon, Oct 10 2011,0400,210,18.1,173,32.4,383,24.5
Mon, Oct 10 2011,0500,604,10.6,278,29.1,882,16.4
Mon, Oct 10 2011,0600,1076,9.1,717,20.1,1793,13.5
Mon, Oct 10 2011,0700,1445,14.3,1433,23.3,2878,18.8
Mon, Oct 10 2011,0800,2949,10,2884,15.7,5833,12.8
Mon, Oct 10 2011,0900,3791,8.3,3911,12,7702,10.2
Mon, Oct 10 2011,1000,3130,14.1,3106,14.1,6236,14.1
Mon, Oct 10 2011,1100,2628,18.5,2474,17.7,5102,18.1
Mon, Oct 10 2011,1200,2570,18.8,2504,19.8,5074,19.3
Mon, Oct 10 2011,1300,2594,17.1,2667,16.6,5261,16.9
Mon, Oct 10 2011,1400,2676,16.2,2651,16.9,5327,16.6
Mon, Oct 10 2011,1500,2775,17.8,2729,14.6,5504,16.2
Mon, Oct 10 2011,1600,2935,15.4,2963,12,5898,13.7
Mon, Oct 10 2011,1700,3418,10.7,3557,9.6,6975,10.1
Mon, Oct 10 2011,1800,3546,8,3922,5.2,7468,6.5
Mon, Oct 10 2011,1900,3189,8.1,3193,6.6,6382,7.3
Mon, Oct 10 2011,2000,2187,9,2206,6.3,4393,7.6
Mon, Oct 10 2011,2100,1572,8.7,1685,6.8,3257,7.7
Mon, Oct 10 2011,2200,1186,8.8,1386,6.5,2572,7.5
Mon, Oct 10 2011,2300,950,10,1138,6.8,2088,8.2
Mon, Oct 10 2011,2400,516,13,855,9.5,1371,10.8
Tue, Oct 11 2011,0100,338,20.1,391,17.6,729,18.8
Tue, Oct 11 2011,0200,180,21.1,309,22.7,489,22.1
Tue, Oct 11 2011,0300,159,26.4,218,31.2,377,29.2
Tue, Oct 11 2011,0400,222,24.8,169,43.2,391,32.7
Tue, Oct 11 2011,0500,519,12.9,274,30.7,793,19
Tue, Oct 11 2011,0600,1052,11.7,652,22.9,1704,16
Tue, Oct 11 2011,0700,1417,16,1385,24.8,2802,20.3
Tue, Oct 11 2011,0800,2866,10.6,2904,16.7,5770,13.7
Tue, Oct 11 2011,0900,3686,8.5,3892,11.7,7578,10.1
Tue, Oct 11 2011,1000,3127,14,3073,13.6,6200,13.8
Tue, Oct 11 2011,1100,2561,17.1,2433,16.6,4994,16.9
Tue, Oct 11 2011,1200,2502,18.7,2410,16.8,4912,17.8
Tue, Oct 11 2011,1300,2633,19.1,2534,15.6,5167,17.4
Tue, Oct 11 2011,1400,2597,15.6,2571,14.3,5168,15
Tue, Oct 11 2011,1500,2881,15.4,2798,13.7,5679,14.6
Tue, Oct 11 2011,1600,3026,15.3,2985,11.5,6011,13.4
Tue, Oct 11 2011,1700,3468,11,3700,8.3,7168,9.6
Tue, Oct 11 2011,1800,3799,7.8,4140,6.5,7939,7.1
Tue, Oct 11 2011,1900,3170,8.5,3144,6.8,6314,7.7
Tue, Oct 11 2011,2000,2097,10,2130,6.7,4227,8.3
Tue, Oct 11 2011,2100,1390,10.2,1621,7.4,3011,8.7
Tue, Oct 11 2011,2200,1320,9.1,1467,7.2,2787,8.1
Tue, Oct 11 2011,2300,1008,8.6,1286,6.8,2294,7.6
Tue, Oct 11 2011,2400,672,11.8,739,11.2,1411,11.5
Wed, Oct 12 2011,0100,357,19,591,15.1,948,16.6
Wed, Oct 12 2011,0200,213,24.9,381,22,594,23.1
Wed, Oct 12 2011,0300,190,35.8,226,28.8,416,32
Wed, Oct 12 2011,0400,219,25.6,158,41.1,377,32.1
Wed, Oct 12 2011,0500,523,13.2,301,31.9,824,20
Wed, Oct 12 2011,0600,984,13.7,679,25.5,1663,18.5
Wed, Oct 12 2011,0700,1396,16.9,1392,25.9,2788,21.4
Wed, Oct 12 2011,0800,2936,10.3,2989,15.9,5925,13.1
Wed, Oct 12 2011,0900,3821,9.5,3932,12,7753,10.8
Wed, Oct 12 2011,1000,3214,12.8,3091,13.1,6305,13
Wed, Oct 12 2011,1100,2710,17.8,2471,16.9,5181,17.4
Wed, Oct 12 2011,1200,2476,19.1,2589,16.8,5065,18
Wed, Oct 12 2011,1300,2678,18.8,2715,16.9,5393,17.9
Wed, Oct 12 2011,1400,2900,16,2814,15.7,5714,15.8
Wed, Oct 12 2011,1500,2810,17.6,2947,14.2,5757,15.8
Wed, Oct 12 2011,1600,3003,14.4,3060,12.3,6063,13.4
Wed, Oct 12 2011,1700,3645,11.6,3663,8.8,7308,10.2
Wed, Oct 12 2011,1800,3843,7.7,4141,6.9,7984,7.3
Wed, Oct 12 2011,1900,3318,8.8,3248,5.8,6566,7.3
Wed, Oct 12 2011,2000,2348,9.5,2399,6.3,4747,7.8
Wed, Oct 12 2011,2100,1664,8.4,1864,6.3,3528,7.3
Wed, Oct 12 2011,2200,1510,8.1,1568,5.7,3078,6.9
Wed, Oct 12 2011,2300,1102,8.4,1443,7.3,2545,7.8
Wed, Oct 12 2011,2400,673,11.1,986,8.8,1659,9.8
Thu, Oct 13 2011,0100,346,22,516,14.9,862,17.7
Thu, Oct 13 2011,0200,205,22.9,301,24.9,506,24.1
Thu, Oct 13 2011,0300,163,27.6,174,38.5,337,33.2
Thu, Oct 13 2011,0400,222,26.1,170,46.5,392,34.9
Thu, Oct 13 2011,0500,546,13.2,279,34.4,825,20.4
Thu, Oct 13 2011,0600,1008,13.2,676,22.5,1684,16.9
Thu, Oct 13 2011,0700,1369,19.9,1411,28.6,2780,24.3
Thu, Oct 13 2011,0800,2925,12.4,3012,15.3,5937,13.9
Thu, Oct 13 2011,0900,3862,9,4050,12.6,7912,10.8
Thu, Oct 13 2011,1000,3169,13.2,3080,15.2,6249,14.2
Thu, Oct 13 2011,1100,2650,18.5,2505,15.1,5155,16.8
Thu, Oct 13 2011,1200,2552,17.7,2550,18.3,5102,18
Thu, Oct 13 2011,1300,2667,18.6,2691,16.6,5358,17.6
Thu, Oct 13 2011,1400,2849,16.5,2638,14.4,5487,15.5
Thu, Oct 13 2011,1500,2978,15.6,2851,14.5,5829,15.1
Thu, Oct 13 2011,1600,2977,15.4,3141,12.1,6118,13.7
Thu, Oct 13 2011,1700,3566,10.8,3705,8.9,7271,9.8
Thu, Oct 13 2011,1800,3729,7.5,4139,6.6,7868,7.1
Thu, Oct 13 2011,1900,3331,8.3,3432,5.5,6763,6.9
Thu, Oct 13 2011,2000,2360,8.7,2529,6.4,4889,7.5
Thu, Oct 13 2011,2100,1842,7.2,1862,6.8,3704,7
Thu, Oct 13 2011,2200,1721,7.8,1743,6.4,3464,7.1
Thu, Oct 13 2011,2300,1237,10.1,1444,6,2681,7.9
Thu, Oct 13 2011,2400,724,10.8,900,10.4,1624,10.6
Fri, Oct 14 2011,0100,423,18.2,607,15.2,1030,16.4
Fri, Oct 14 2011,0200,216,21.8,368,20.1,584,20.7
Fri, Oct 14 2011,0300,193,27.5,182,32.4,375,29.9
Fri, Oct 14 2011,0400,231,21.2,188,36.7,419,28.2
Fri, Oct 14 2011,0500,647,13,328,33.2,975,19.8
Fri, Oct 14 2011,0600,986,14.5,702,22.4,1688,17.8
Fri, Oct 14 2011,0700,1409,17,1399,27.2,2808,22.1
Fri, Oct 14 2011,0800,3012,12.2,2830,17.7,5842,14.8
Fri, Oct 14 2011,0900,3839,10.1,3902,12.5,7741,11.3
Fri, Oct 14 2011,1000,3049,14.2,3059,14.9,6108,14.6
Fri, Oct 14 2011,1100,2701,17,2601,16.3,5302,16.7
Fri, Oct 14 2011,1200,2654,18.2,2683,16.4,5337,17.3
Fri, Oct 14 2011,1300,2826,16.9,2936,14.7,5762,15.8
Fri, Oct 14 2011,1400,3104,15.4,3131,12.3,6235,13.8
Fri, Oct 14 2011,1500,3208,14.6,3284,13,6492,13.8
Fri, Oct 14 2011,1600,3439,13,3593,11,7032,12
Fri, Oct 14 2011,1700,3723,9.8,3846,7.5,7569,8.7
Fri, Oct 14 2011,1800,3649,8.2,4059,5.8,7708,7
Fri, Oct 14 2011,1900,3137,8,3141,5.3,6278,6.7
Fri, Oct 14 2011,2000,2519,7.3,2494,5,5013,6.1
Fri, Oct 14 2011,2100,1904,7,2087,4.8,3991,5.9
Fri, Oct 14 2011,2200,1512,9.1,1607,5.4,3119,7.2
Fri, Oct 14 2011,2300,1232,7.9,1401,6.4,2633,7.1
Fri, Oct 14 2011,2400,784,12,1178,7.6,1962,9.4
Sat, Oct 15 2011,0100,496,15.7,734,8.3,1230,11.3
Sat, Oct 15 2011,0200,342,17.5,520,11.7,862,14
Sat, Oct 15 2011,0300,292,15.4,291,19.2,583,17.3
Sat, Oct 15 2011,0400,291,13.1,265,25.3,556,18.9
Sat, Oct 15 2011,0500,594,8.8,314,16.2,908,11.3
Sat, Oct 15 2011,0600,751,9.5,493,15.2,1244,11.7
Sat, Oct 15 2011,0700,787,11.8,718,20.2,1505,15.8
Sat, Oct 15 2011,0800,1275,10.7,1009,14,2284,12.2
Sat, Oct 15 2011,0900,1684,8.1,1656,9.1,3340,8.6
Sat, Oct 15 2011,1000,2168,6.6,2143,7.7,4311,7.2
Sat, Oct 15 2011,1100,2316,7.2,2206,5.3,4522,6.3
Sat, Oct 15 2011,1200,2645,5.4,2636,5.7,5281,5.5
Sat, Oct 15 2011,1300,2867,4.8,2976,4.5,5843,4.6
Sat, Oct 15 2011,1400,3072,3.5,2959,2.6,6031,3
Sat, Oct 15 2011,1500,2848,3.8,2971,2.6,5819,3.2
Sat, Oct 15 2011,1600,2790,3.4,2979,2.7,5769,3.1
Sat, Oct 15 2011,1700,2700,2.4,2884,2.3,5584,2.3
Sat, Oct 15 2011,1800,2528,2.7,2961,2.7,5489,2.7
Sat, Oct 15 2011,1900,2282,3.2,2448,3.1,4730,3.2
Sat, Oct 15 2011,2000,1938,3.6,2083,2.5,4021,3.1
Sat, Oct 15 2011,2100,1351,4.1,1618,3.4,2969,3.7
Sat, Oct 15 2011,2200,1004,4.7,1042,3.3,2046,4
Sat, Oct 15 2011,2300,838,3.8,926,3.1,1764,3.5
Sat, Oct 15 2011,2400,709,5.4,803,3.9,1512,4.6
Sun, Oct 16 2011,0100,556,4.7,712,5.2,1268,5
Sun, Oct 16 2011,0200,448,5.4,562,6.4,1010,5.9
Sun, Oct 16 2011,0300,289,5.9,332,9.3,621,7.7
Sun, Oct 16 2011,0400,283,7.1,268,10.8,551,8.9
Sun, Oct 16 2011,0500,513,5.7,274,9.5,787,7
Sun, Oct 16 2011,0600,650,4.3,429,6.5,1079,5.2
Sun, Oct 16 2011,0700,553,6.7,563,9.6,1116,8.2
Sun, Oct 16 2011,0800,829,4.6,649,11.9,1478,7.8
Sun, Oct 16 2011,0900,899,5.6,885,4.7,1784,5.2
Sun, Oct 16 2011,1000,1356,4.4,1387,3.5,2743,3.9
Sun, Oct 16 2011,1100,1686,2.9,1635,4.6,3321,3.8
Sun, Oct 16 2011,1200,2327,3,2155,2.7,4482,2.9
Sun, Oct 16 2011,1300,2858,2.7,2649,2.2,5507,2.5
Sun, Oct 16 2011,1400,3220,2.2,3057,1.6,6277,1.9
Sun, Oct 16 2011,1500,3284,1.6,3107,2.1,6391,1.8
Sun, Oct 16 2011,1600,3026,1.9,2874,2.2,5900,2.1
Sun, Oct 16 2011,1700,2961,2.3,2938,1.4,5899,1.8
Sun, Oct 16 2011,1800,2799,2.9,2988,2.8,5787,2.9
Sun, Oct 16 2011,1900,2721,3.3,2702,2,5423,2.6
Sun, Oct 16 2011,2000,2261,3.8,2401,2,4662,2.9
Sun, Oct 16 2011,2100,1815,3.2,1758,3.5,3573,3.4
Sun, Oct 16 2011,2200,1374,2.8,1399,3.1,2773,3
Sun, Oct 16 2011,2300,879,4.4,1083,4.9,1962,4.7
Sun, Oct 16 2011,2400,619,4.4,882,6,1501,5.3
